"ID","tree_id","Plate_Number","Well_Coordinates","Sample_Name_Plate","person_key_GBS","Nodes_GBS","treatment","chamber_number","tree_number","survivors","diameter","height","bud_condition","length_last_node","ozone_damage","reddish_no_ozone_damage","yellowish_damage","caterpillar_damage","aphid_damage","other_damage","trifurcated_branches","linear_branches","growth_type","other_plants_growing","_submitted_by","_index","monthCollect","triplicate","dosis","chamber_ind"
"AE01_N04TAF","AE01","P3","F9","AE01_N04TAF","chamber","4","ambient_air_IE",7,1,"survive",10,91,"growing",15,1,0,1,0,0,0,5,21,"elongate","a_lot","brigadistaD",115,"June_2023",1,"with_ozone","7_1"
"AE01_N04TAF","AE01","P3","F9","AE01_N04TAF","chamber","4","ambient_air_IE",7,1,"survive",7.6,72,"bud",33.5,0,0,0,0,0,0,0,7,"elongate","no_measure","brigadistaG",71,"March_2023",1,"with_ozone","7_1"
"AE01_N04TAF","AE01","P3","F9","AE01_N04TAF","chamber","4","ambient_air_IE",7,1,"dead",NA,NA,NA,NA,NA,NA,NA,NA,NA,NA,NA,NA,NA,NA,NA,NA,"October_2023",1,"with_ozone","7_1"
"AE01_N04TAF","AE01","P3","F9","AE01_N04TAF","chamber","4","ambient_air_IE",7,1,"dead",NA,NA,NA,NA,NA,NA,NA,NA,NA,NA,NA,NA,NA,NA,NA,NA,"January_2024",1,"with_ozone","7_1"
"AE02_N04TAF","AE02","P3","A12","AE02_N04TAF","chamber","4","ambient_air_IE",7,2,"dead",NA,NA,NA,NA,NA,NA,NA,NA,NA,NA,NA,NA,NA,NA,NA,NA,"January_2024",1,"with_ozone","7_2"
"AE02_N04TAF","AE02","P3","A12","AE02_N04TAF","chamber","4","ambient_air_IE",7,2,"survive",9.5,76.5,"growing",3.7,1,0,0,0,0,0,4,6,"elongate","bit","brigadistaA",51,"June_2023",1,"with_ozone","7_2"
"AE02_N04TAF","AE02","P3","A12","AE02_N04TAF","chamber","4","ambient_air_IE",7,2,"dead",NA,NA,NA,NA,NA,NA,NA,NA,NA,NA,NA,NA,NA,NA,NA,NA,"October_2023",1,"with_ozone","7_2"
"AE02_N04TAF","AE02","P3","A12","AE02_N04TAF","chamber","4","ambient_air_IE",7,2,"survive",8.3,73,"bud",17.5,0,0,1,0,0,1,1,8,"elongate","no_measure","brigadistaG",68,"March_2023",1,"with_ozone","7_2"
"AE05_N04TAF","AE05","P3","A9","AE05_N04TAF","chamber","4","ambient_air_IE",7,5,"dead",NA,NA,NA,NA,NA,NA,NA,NA,NA,NA,NA,NA,NA,NA,NA,NA,"January_2024",1,"with_ozone","7_5"
"AE05_N04TAF","AE05","P3","A9","AE05_N04TAF","chamber","4","ambient_air_IE",7,5,"dead",NA,NA,NA,NA,NA,NA,NA,NA,NA,NA,NA,NA,NA,NA,NA,NA,"October_2023",1,"with_ozone","7_5"
"AE05_N04TAF","AE05","P3","A9","AE05_N04TAF","chamber","4","ambient_air_IE",7,4,"survive",7.4,63,"bud",9,0,0,0,0,0,0,1,5,"elongate","no_measure","brigadistaG",64,"March_2023",1,"with_ozone","7_4"
"AE05_N04TAF","AE05","P3","A9","AE05_N04TAF","chamber","4","ambient_air_IE",7,5,"survive",7.6,71,"growing",7.1,0,0,0,0,0,0,4,5,"elongate","a_lot","brigadistaA",16,"June_2023",1,"with_ozone","7_5"
"AE06_N04TAF","AE06","P3","C8","AE06_N04TAF","chamber","4","ambient_air_IE",7,6,"survive",11,93,"dead",10,0,1,0,0,0,1,NA,NA,"shrubby","No","brigadistaG",229,"January_2024",1,"with_ozone","7_6"
"AE06_N04TAF","AE06","P3","C8","AE06_N04TAF","chamber","4","ambient_air_IE",7,6,"survive",11.7,81,"growing",7,1,0,1,0,0,0,6,23,"elongate","a_lot","brigadistaD",117,"June_2023",1,"with_ozone","7_6"
"AE06_N04TAF","AE06","P3","C8","AE06_N04TAF","chamber","4","ambient_air_IE",7,6,"survive",3.2,56,"bud",4,0,1,0,0,0,0,NA,NA,"shrubby","bit","brigadistaG",61,"October_2023",1,"with_ozone","7_6"
"AE06_N04TAF","AE06","P3","C8","AE06_N04TAF","chamber","4","ambient_air_IE",7,5,"survive",6.8,64,"bud",9,0,0,0,0,0,0,3,6,"elongate","no_measure","brigadistaG",61,"March_2023",1,"with_ozone","7_5"
"AE08_N04TAF","AE08","P4","F3","AE08_N04TAF","chamber","4","ambient_air_IE",7,8,"dead",NA,NA,NA,NA,NA,NA,NA,NA,NA,NA,NA,NA,NA,NA,NA,NA,"January_2024",1,"with_ozone","7_8"
"AE08_N04TAF","AE08","P4","F3","AE08_N04TAF","chamber","4","ambient_air_IE",7,8,"dead",NA,NA,NA,NA,NA,NA,NA,NA,NA,NA,NA,NA,NA,NA,NA,NA,"October_2023",1,"with_ozone","7_8"
"AE08_N04TAF","AE08","P4","F3","AE08_N04TAF","chamber","4","ambient_air_IE",7,8,"survive",9.4,79,"growing",15,0,0,0,0,0,0,5,5,"elongate","bit","brigadistaA",18,"June_2023",1,"with_ozone","7_8"
"AE08_N04TAF","AE08","P4","F3","AE08_N04TAF","chamber","4","ambient_air_IE",7,7,"survive",8.4,56,"bud",17,0,0,0,0,0,0,0,15,"elongate","no_measure","brigadistaG",56,"March_2023",1,"with_ozone","7_7"
"AE10_N04TAF","AE10","P4","C8","AE10_N04TAF","chamber","4","ambient_air_IE",7,10,"survive",9.3,84,"dead",1,0,1,0,0,0,0,7,8,"elongate","a_lot","brigadistaG",52,"June_2023",1,"with_ozone","7_10"
"AE10_N04TAF","AE10","P4","C8","AE10_N04TAF","chamber","4","ambient_air_IE",7,10,"survive",9.1,83.5,"bud",6.5,0,0,0,0,0,0,1,7,"elongate","no_measure","brigadistaA",49,"March_2023",1,"with_ozone","7_10"
"AE10_N04TAF","AE10","P4","C8","AE10_N04TAF","chamber","4","ambient_air_IE",7,10,"survive",11,87,"dead",8,0,0,0,0,0,1,NA,NA,"elongate","No","brigadistaG",231,"January_2024",1,"with_ozone","7_10"
"AE10_N04TAF","AE10","P4","C8","AE10_N04TAF","chamber","4","ambient_air_IE",7,10,"survive",4.7,72,"dead",14,0,0,0,0,0,1,NA,NA,"elongate","a_lot","brigadistaG",70,"October_2023",1,"with_ozone","7_10"
"AE12_N04TAF","AE12","P4","G4","AE12_N04TAF","chamber","4","ambient_air_IE",14,12,"survive",11,79,"bud",14,0,0,0,0,0,1,NA,NA,"shrubby","No","brigadistaG",233,"January_2024",2,"with_ozone","14_12"
"AE12_N04TAF","AE12","P4","G4","AE12_N04TAF","chamber","4","ambient_air_IE",14,12,"survive",7.5,77,"bud",14,1,0,0,0,0,0,NA,NA,"elongate","No","brigadistaG",122,"October_2023",2,"with_ozone","14_12"
"AE12_N04TAF","AE12","P4","G4","AE12_N04TAF","chamber","4","ambient_air_IE",14,12,"survive",6.8,62,"bud",2,0,0,0,0,0,0,0,6,"elongate","no_measure","brigadistaG",132,"March_2023",2,"with_ozone","14_12"
"AE12_N04TAF","AE12","P4","G4","AE12_N04TAF","chamber","4","ambient_air_IE",14,12,"survive",7.8,72,"growing",10,0,0,1,0,0,0,6,9,"elongate","bit","brigadistaD",132,"June_2023",2,"with_ozone","14_12"
"AE13_N04TAF","AE13","P3","E12","AE13_N04TAF","chamber","4","ambient_air_IE",14,13,"survive",11,77,"growing",6,0,1,0,0,0,1,NA,NA,"shrubby","No","brigadistaG",234,"January_2024",2,"with_ozone","14_13"
"AE13_N04TAF","AE13","P3","E12","AE13_N04TAF","chamber","4","ambient_air_IE",14,13,"survive",7.7,72,"bud",34,0,0,0,0,0,0,0,7,"elongate","no_measure","brigadistaG",131,"March_2023",2,"with_ozone","14_13"
"AE13_N04TAF","AE13","P3","E12","AE13_N04TAF","chamber","4","ambient_air_IE",14,13,"survive",7.1,81,"growing",9,0,0,1,0,0,0,4,7,"elongate","bit","brigadistaG",76,"June_2023",2,"with_ozone","14_13"
"AE13_N04TAF","AE13","P3","E12","AE13_N04TAF","chamber","4","ambient_air_IE",14,13,"survive",6,80,"dead",8,1,0,0,0,0,0,NA,NA,"elongate","bit","brigadistaG",123,"October_2023",2,"with_ozone","14_13"
"AE14_N04TAF","AE14","P4","G5","AE14_N04TAF","chamber","4","ambient_air_IE",14,14,"survive",10.4,70,"bud",22,0,0,0,0,0,0,0,9,"elongate","no_measure","brigadistaG",124,"March_2023",2,"with_ozone","14_14"
"AE14_N04TAF","AE14","P4","G5","AE14_N04TAF","chamber","4","ambient_air_IE",14,14,"survive",7.9,88,"dead",16,1,0,0,0,0,0,NA,NA,"shrubby","bit","brigadistaG",124,"October_2023",2,"with_ozone","14_14"
"AE14_N04TAF","AE14","P4","G5","AE14_N04TAF","chamber","4","ambient_air_IE",14,14,"survive",11,79,"growing",5,0,0,0,0,0,1,NA,NA,"shrubby","No","brigadistaG",235,"January_2024",2,"with_ozone","14_14"
"AE14_N04TAF","AE14","P4","G5","AE14_N04TAF","chamber","4","ambient_air_IE",14,14,"survive",9.9,90,"growing",20,0,0,0,0,0,0,3,6,"elongate","bit","brigadistaA",35,"June_2023",2,"with_ozone","14_14"
"AE15_N04TAF","AE15","P3","A2","AE15_N04TAF","chamber","4","ambient_air_IE",14,15,"dead",NA,NA,NA,NA,NA,NA,NA,NA,NA,NA,NA,NA,NA,NA,NA,NA,"October_2023",2,"with_ozone","14_15"
"AE15_N04TAF","AE15","P3","A2","AE15_N04TAF","chamber","4","ambient_air_IE",14,15,"dead",NA,NA,NA,NA,NA,NA,NA,NA,NA,NA,NA,NA,NA,NA,NA,NA,"January_2024",2,"with_ozone","14_15"
"AE15_N04TAF","AE15","P3","A2","AE15_N04TAF","chamber","4","ambient_air_IE",14,15,"survive",10.2,67.3,"growing",3.5,0,0,0,0,0,0,14,0,"elongate","bit","brigadistaA",77,"June_2023",2,"with_ozone","14_15"
"AE15_N04TAF","AE15","P3","A2","AE15_N04TAF","chamber","4","ambient_air_IE",14,15,"survive",10.1,63,"bud",7,0,0,0,0,0,0,0,10,"elongate","no_measure","brigadistaG",125,"March_2023",2,"with_ozone","14_15"
"AE16_N04TAF","AE16","P4","E9","AE16_N04TAF","chamber","4","ambient_air_IE",14,16,"survive",11,75,"bud",13,0,0,0,0,0,1,NA,NA,"shrubby","No","brigadistaG",237,"January_2024",2,"with_ozone","14_16"
"AE16_N04TAF","AE16","P4","E9","AE16_N04TAF","chamber","4","ambient_air_IE",14,16,"survive",7.7,64,"bud",28,0,0,0,0,0,0,0,6,"elongate","no_measure","brigadistaG",135,"March_2023",2,"with_ozone","14_16"
"AE16_N04TAF","AE16","P4","E9","AE16_N04TAF","chamber","4","ambient_air_IE",14,16,"survive",7,78,"growing",14,0,0,0,0,0,0,9,6,"elongate","bit","brigadistaE",36,"June_2023",2,"with_ozone","14_16"
"AE16_N04TAF","AE16","P4","E9","AE16_N04TAF","chamber","4","ambient_air_IE",14,16,"survive",6.6,75,"bud",15,0,0,1,0,0,0,NA,NA,"elongate","No","brigadistaG",126,"October_2023",2,"with_ozone","14_16"
"AE18_N04TAF","AE18","P4","D5","AE18_N04TAF","chamber","4","ambient_air_IE",14,18,"survive",11,71,"dead",10,0,0,0,0,0,1,NA,NA,"shrubby","No","brigadistaG",236,"January_2024",2,"with_ozone","14_18"
"AE18_N04TAF","AE18","P4","D5","AE18_N04TAF","chamber","4","ambient_air_IE",14,18,"survive",9.4,71,"bud",22,0,0,0,0,0,0,0,7,"elongate","no_measure","brigadistaG",142,"March_2023",2,"with_ozone","14_18"
"AE18_N04TAF","AE18","P4","D5","AE18_N04TAF","chamber","4","ambient_air_IE",14,18,"survive",8,70,"dead",0,1,1,0,0,0,0,NA,NA,"elongate","bit","brigadistaG",128,"October_2023",2,"with_ozone","14_18"
"AE18_N04TAF","AE18","P4","D5","AE18_N04TAF","chamber","4","ambient_air_IE",14,18,"survive",9.4,78,"growing",7,0,0,1,0,0,0,5,10,"elongate","No","brigadistaG",78,"June_2023",2,"with_ozone","14_18"
"AE19_N04TAF","AE19","P3","D6","AE19_N04TAF","chamber","4","ambient_air_IE",14,19,"survive",7,79,"bud",11,0,0,1,0,0,0,NA,NA,"elongate","No","brigadistaG",129,"October_2023",2,"with_ozone","14_19"
"AE19_N04TAF","AE19","P3","D6","AE19_N04TAF","chamber","4","ambient_air_IE",14,19,"survive",7.2,82,"growing",12,0,0,0,0,0,0,0,20,"elongate","bit","brigadistaE",79,"June_2023",2,"with_ozone","14_19"
"AE19_N04TAF","AE19","P3","D6","AE19_N04TAF","chamber","4","ambient_air_IE",14,19,"survive",6.8,70,"bud",5,0,0,0,0,0,0,0,4,"elongate","no_measure","brigadistaG",139,"March_2023",2,"with_ozone","14_19"
"AE19_N04TAF","AE19","P3","D6","AE19_N04TAF","chamber","4","ambient_air_IE",14,19,"survive",11,82,"bud",10,0,0,0,0,0,1,NA,NA,"shrubby","No","brigadistaG",238,"January_2024",2,"with_ozone","14_19"
"AE22_N04TAF","AE22","P4","C5","AE22_N04TAF","chamber","4","ambient_air_IE",15,22,"survive",11,62,"growing",4,0,0,1,0,0,0,NA,NA,"shrubby","a_lot","brigadistaG",239,"January_2024",3,"with_ozone","15_22"
"AE22_N04TAF","AE22","P4","C5","AE22_N04TAF","chamber","4","ambient_air_IE",15,22,"survive",9.8,66,"growing",8,1,0,1,0,0,0,3,12,"elongate","bit","brigadistaD",134,"June_2023",3,"with_ozone","15_22"
"AE22_N04TAF","AE22","P4","C5","AE22_N04TAF","chamber","4","ambient_air_IE",15,22,"survive",9.2,64,"dead",9,1,1,1,0,0,0,NA,NA,"elongate","bit","brigadistaA",48,"October_2023",3,"with_ozone","15_22"
"AE22_N04TAF","AE22","P4","C5","AE22_N04TAF","chamber","4","ambient_air_IE",15,22,"survive",6.9,58,"bud",22,0,0,0,0,0,0,0,9,"elongate","no_measure","brigadistaE",138,"March_2023",3,"with_ozone","15_22"
"AE23_N04TAF","AE23","P3","A4","AE23_N04TAF","chamber","4","ambient_air_IE",15,23,"survive",7.5,67,"bud",23,0,0,0,0,0,0,0,10,"elongate","no_measure","brigadistaE",128,"March_2023",3,"with_ozone","15_23"
"AE23_N04TAF","AE23","P3","A4","AE23_N04TAF","chamber","4","ambient_air_IE",15,23,"dead",NA,NA,NA,NA,NA,NA,NA,NA,NA,NA,NA,NA,NA,NA,NA,NA,"October_2023",3,"with_ozone","15_23"
"AE23_N04TAF","AE23","P3","A4","AE23_N04TAF","chamber","4","ambient_air_IE",15,23,"survive",8.4,82,"growing",15,0,0,0,0,0,0,5,13,"elongate","No","brigadistaE",81,"June_2023",3,"with_ozone","15_23"
"AE23_N04TAF","AE23","P3","A4","AE23_N04TAF","chamber","4","ambient_air_IE",15,23,"dead",NA,NA,NA,NA,NA,NA,NA,NA,NA,NA,NA,NA,NA,NA,NA,NA,"January_2024",3,"with_ozone","15_23"
"AE24_N04TAF","AE24","P3","D7","AE24_N04TAF","chamber","4","ambient_air_IE",15,24,"survive",8.8,75,"dead",1,1,1,0,0,0,1,NA,NA,"elongate","bit","brigadistaA",50,"October_2023",3,"with_ozone","15_24"
"AE24_N04TAF","AE24","P3","D7","AE24_N04TAF","chamber","4","ambient_air_IE",15,24,"survive",7.4,73,"bud",31,0,0,0,0,0,0,0,7,"elongate","no_measure","brigadistaE",126,"March_2023",3,"with_ozone","15_24"
"AE24_N04TAF","AE24","P3","D7","AE24_N04TAF","chamber","4","ambient_air_IE",15,24,"survive",9.2,77.5,"growing",3.8,1,0,0,0,0,0,3,7,"elongate","No","brigadistaA",83,"June_2023",3,"with_ozone","15_24"
"AE24_N04TAF","AE24","P3","D7","AE24_N04TAF","chamber","4","ambient_air_IE",15,24,"dead",NA,NA,NA,NA,NA,NA,NA,NA,NA,NA,NA,NA,NA,NA,NA,NA,"January_2024",3,"with_ozone","15_24"
"AE25_N04TAF","AE25","P4","B12","AE25_N04TAF","chamber","4","ambient_air_IE",15,25,"dead",NA,NA,NA,NA,NA,NA,NA,NA,NA,NA,NA,NA,NA,NA,NA,NA,"January_2024",3,"with_ozone","15_25"
"AE25_N04TAF","AE25","P4","B12","AE25_N04TAF","chamber","4","ambient_air_IE",15,25,"survive",6.4,64,"bud",25,0,0,0,0,0,0,0,9,"elongate","no_measure","brigadistaE",133,"March_2023",3,"with_ozone","15_25"
"AE25_N04TAF","AE25","P4","B12","AE25_N04TAF","chamber","4","ambient_air_IE",15,25,"survive",7.4,73,"growing",9,0,0,0,0,0,0,6,10,"elongate","bit","brigadistaE",84,"June_2023",3,"with_ozone","15_25"
"AE25_N04TAF","AE25","P4","B12","AE25_N04TAF","chamber","4","ambient_air_IE",15,25,"dead",NA,NA,NA,NA,NA,NA,NA,NA,NA,NA,NA,NA,NA,NA,NA,NA,"October_2023",3,"with_ozone","15_25"
"AE28_N04TAF","AE28","P4","E1","AE28_N04TAF","chamber","4","ambient_air_IE",15,28,"dead",NA,NA,NA,NA,NA,NA,NA,NA,NA,NA,NA,NA,NA,NA,NA,NA,"January_2024",3,"with_ozone","15_28"
"AE28_N04TAF","AE28","P4","E1","AE28_N04TAF","chamber","4","ambient_air_IE",15,28,"survive",7.7,66,"bud",5,0,0,0,0,0,0,0,8,"elongate","no_measure","brigadistaE",130,"March_2023",3,"with_ozone","15_28"
"AE28_N04TAF","AE28","P4","E1","AE28_N04TAF","chamber","4","ambient_air_IE",15,28,"dead",NA,NA,NA,NA,NA,NA,NA,NA,NA,NA,NA,NA,NA,NA,NA,NA,"October_2023",3,"with_ozone","15_28"
"AE28_N04TAF","AE28","P4","E1","AE28_N04TAF","chamber","4","ambient_air_IE",15,28,"survive",7.8,80,"growing",14,0,0,0,0,0,0,6,17,"elongate","bit","brigadistaE",87,"June_2023",3,"with_ozone","15_28"
"AE29_N04TAF","AE29","P4","H5","AE29_N04TAF","chamber","4","ambient_air_IE",15,29,"survive",6.4,65,"bud",23,0,0,0,0,0,0,0,4,"elongate","no_measure","brigadistaE",134,"March_2023",3,"with_ozone","15_29"
"AE29_N04TAF","AE29","P4","H5","AE29_N04TAF","chamber","4","ambient_air_IE",15,29,"survive",8.7,81,"growing",26,0,0,0,0,0,0,1,15,"elongate","a_lot","brigadistaD",135,"June_2023",3,"with_ozone","15_29"
"AE29_N04TAF","AE29","P4","H5","AE29_N04TAF","chamber","4","ambient_air_IE",15,29,"survive",11,84,"bud",6,0,0,0,0,0,1,NA,NA,"shrubby","bit","brigadistaG",243,"January_2024",3,"with_ozone","15_29"
"AE29_N04TAF","AE29","P4","H5","AE29_N04TAF","chamber","4","ambient_air_IE",15,29,"survive",10.4,81,"growing",14,1,0,0,0,0,0,NA,NA,"shrubby","bit","brigadistaJ",16,"October_2023",3,"with_ozone","15_29"
"AP01_N04TAF","AP01","P4","F2","AP01_N04TAF","chamber","4","purified_air",4,1,"dead",NA,NA,NA,NA,NA,NA,NA,NA,NA,NA,NA,NA,NA,NA,NA,NA,"October_2023",1,"without_ozone","4_1"
"AP01_N04TAF","AP01","P4","F2","AP01_N04TAF","chamber","4","purified_air",4,1,"dead",NA,NA,NA,NA,NA,NA,NA,NA,NA,NA,NA,NA,NA,NA,NA,NA,"January_2024",1,"without_ozone","4_1"
"AP01_N04TAF","AP01","P4","F2","AP01_N04TAF","chamber","4","purified_air",4,1,"survive",9.4,99,"growing",27,0,0,0,0,0,0,6,30,"elongate","bit","brigadistaD",102,"June_2023",1,"without_ozone","4_1"
"AP01_N04TAF","AP01","P4","F2","AP01_N04TAF","chamber","4","purified_air",4,1,"survive",7.6,81.5,"bud",33.5,0,0,0,0,0,0,0,9,"elongate","no_measure","brigadistaA",16,"March_2023",1,"without_ozone","4_1"
"AP02_N04TAF","AP02","P4","B9","AP02_N04TAF","chamber","4","purified_air",4,2,"dead",NA,NA,NA,NA,NA,NA,NA,NA,NA,NA,NA,NA,NA,NA,NA,NA,"October_2023",1,"without_ozone","4_2"
"AP02_N04TAF","AP02","P4","B9","AP02_N04TAF","chamber","4","purified_air",4,2,"survive",9.3,74,"growing",1,0,0,0,0,0,0,0,12,"elongate","a_lot","brigadistaG",9,"June_2023",1,"without_ozone","4_2"
"AP02_N04TAF","AP02","P4","B9","AP02_N04TAF","chamber","4","purified_air",4,2,"survive",8.3,73,"bud",17.5,0,0,0,0,0,0,2,6,"elongate","no_measure","brigadistaA",6,"March_2023",1,"without_ozone","4_2"
"AP02_N04TAF","AP02","P4","B9","AP02_N04TAF","chamber","4","purified_air",4,2,"dead",NA,NA,NA,NA,NA,NA,NA,NA,NA,NA,NA,NA,NA,NA,NA,NA,"January_2024",1,"without_ozone","4_2"
"AP03_N04TAF","AP03","P3","D12","AP03_N04TAF","chamber","4","purified_air",4,3,"survive",9.2,69,"growing",2,0,0,0,0,0,0,8,12,"elongate","No","brigadistaD",101,"June_2023",1,"without_ozone","4_3"
"AP03_N04TAF","AP03","P3","D12","AP03_N04TAF","chamber","4","purified_air",4,3,"survive",11,83,"growing",9.5,0,1,0,0,0,1,NA,NA,"elongate","No","brigadistaG",193,"January_2024",1,"without_ozone","4_3"
"AP03_N04TAF","AP03","P3","D12","AP03_N04TAF","chamber","4","purified_air",4,3,"survive",7.6,61.5,"growing",13,1,0,1,0,0,1,NA,NA,"elongate","bit","brigadistaJ",3,"October_2023",1,"without_ozone","4_3"
"AP03_N04TAF","AP03","P3","D12","AP03_N04TAF","chamber","4","purified_air",4,3,"survive",8.5,67,"bud",4,0,0,0,0,0,0,0,6,"elongate","no_measure","brigadistaA",17,"March_2023",1,"without_ozone","4_3"
"AP05_N04TAF","AP05","P3","B2","AP05_N04TAF","chamber","4","purified_air",4,5,"dead",NA,NA,NA,NA,NA,NA,NA,NA,NA,NA,NA,NA,NA,NA,NA,NA,"October_2023",1,"without_ozone","4_5"
"AP05_N04TAF","AP05","P3","B2","AP05_N04TAF","chamber","4","purified_air",4,5,"survive",9,71,"growing",6.7,0,0,0,0,0,1,7,3,"elongate","bit","brigadistaA",37,"June_2023",1,"without_ozone","4_5"
"AP05_N04TAF","AP05","P3","B2","AP05_N04TAF","chamber","4","purified_air",4,5,"survive",8.2,64,"bud",8.8,0,0,0,0,0,0,2,4,"elongate","no_measure","brigadistaA",19,"March_2023",1,"without_ozone","4_5"
"AP05_N04TAF","AP05","P3","B2","AP05_N04TAF","chamber","4","purified_air",4,5,"dead",NA,NA,NA,NA,NA,NA,NA,NA,NA,NA,NA,NA,NA,NA,NA,NA,"January_2024",1,"without_ozone","4_5"
"AP09_N04TAF","AP09","P3","H11","AP09_N04TAF","chamber","4","purified_air",4,9,"survive",6.7,63,"bud",26,0,0,0,0,0,0,1,6,"elongate","no_measure","brigadistaA",23,"March_2023",1,"without_ozone","4_9"
"AP09_N04TAF","AP09","P3","H11","AP09_N04TAF","chamber","4","purified_air",4,9,"survive",5.8,159,"dead",7,1,1,0,0,0,1,NA,NA,"elongate","bit","brigadistaJ",9,"October_2023",1,"without_ozone","4_9"
"AP09_N04TAF","AP09","P3","H11","AP09_N04TAF","chamber","4","purified_air",4,9,"survive",8.9,70,"growing",8,0,0,0,0,0,0,4,16,"elongate","No","brigadistaD",104,"June_2023",1,"without_ozone","4_9"
"AP09_N04TAF","AP09","P3","H11","AP09_N04TAF","chamber","4","purified_air",4,9,"survive",11,79,"growing",16,0,0,0,0,0,1,NA,NA,"shrubby","No","brigadistaG",196,"January_2024",1,"without_ozone","4_9"
"AP10_N04TAF","AP10","P3","G9","AP10_N04TAF","chamber","4","purified_air",4,10,"dead",NA,NA,NA,NA,NA,NA,NA,NA,NA,NA,NA,NA,NA,NA,NA,NA,"January_2024",1,"without_ozone","4_10"
"AP10_N04TAF","AP10","P3","G9","AP10_N04TAF","chamber","4","purified_air",4,10,"dead",NA,NA,NA,NA,NA,NA,NA,NA,NA,NA,NA,NA,NA,NA,NA,NA,"October_2023",1,"without_ozone","4_10"
"AP10_N04TAF","AP10","P3","G9","AP10_N04TAF","chamber","4","purified_air",4,10,"survive",7.6,67,"bud",8,0,0,0,0,0,0,0,5,"elongate","no_measure","brigadistaA",24,"March_2023",1,"without_ozone","4_10"
"AP10_N04TAF","AP10","P3","G9","AP10_N04TAF","chamber","4","purified_air",4,10,"survive",8.2,92,"growing",16,0,0,0,0,0,0,3,9,"elongate","a_lot","brigadistaG",13,"June_2023",1,"without_ozone","4_10"
"AP11_N04TAF","AP11","P4","F7","AP11_N04TAF","chamber","4","purified_air",8,11,"dead",NA,NA,NA,NA,NA,NA,NA,NA,NA,NA,NA,NA,NA,NA,NA,NA,"October_2023",2,"without_ozone","8_11"
"AP11_N04TAF","AP11","P4","F7","AP11_N04TAF","chamber","4","purified_air",8,11,"survive",8.3,76,"growing",33,0,0,0,0,0,0,0,6,"elongate","no_measure","brigadistaA",87,"March_2023",2,"without_ozone","8_11"
"AP11_N04TAF","AP11","P4","F7","AP11_N04TAF","chamber","4","purified_air",8,11,"survive",8.4,91.2,"growing",16.3,0,0,0,0,0,0,3,3,"elongate","bit","brigadistaA",11,"June_2023",2,"without_ozone","8_11"
"AP11_N04TAF","AP11","P4","F7","AP11_N04TAF","chamber","4","purified_air",8,11,"dead",NA,NA,NA,NA,NA,NA,NA,NA,NA,NA,NA,NA,NA,NA,NA,NA,"January_2024",2,"without_ozone","8_11"
"AP12_N04TAF","AP12","P4","C3","AP12_N04TAF","chamber","4","purified_air",8,12,"survive",9.4,77,"growing",14,0,0,1,0,0,0,NA,NA,"elongate","bit","brigadistaG",82,"October_2023",2,"without_ozone","8_12"
"AP12_N04TAF","AP12","P4","C3","AP12_N04TAF","chamber","4","purified_air",8,12,"survive",11,80,"bud",14.5,0,1,0,0,0,1,NA,NA,"shrubby","No","brigadistaG",197,"January_2024",2,"without_ozone","8_12"
"AP12_N04TAF","AP12","P4","C3","AP12_N04TAF","chamber","4","purified_air",8,12,"survive",9,63,"bud",24,0,0,0,0,0,0,0,10,"elongate","no_measure","brigadistaA",79,"March_2023",2,"without_ozone","8_12"
"AP12_N04TAF","AP12","P4","C3","AP12_N04TAF","chamber","4","purified_air",8,12,"survive",9.6,76,"growing",15,0,0,1,0,0,0,1,19,"elongate","bit","brigadistaD",112,"June_2023",2,"without_ozone","8_12"
"AP13_N04TAF","AP13","P4","D3","AP13_N04TAF","chamber","4","purified_air",8,13,"survive",10.1,83,"growing",14,0,0,0,0,0,0,6,5,"elongate","bit","brigadistaG",3,"June_2023",2,"without_ozone","8_13"
"AP13_N04TAF","AP13","P4","D3","AP13_N04TAF","chamber","4","purified_air",8,13,"survive",11.9,63,"bud",22,0,0,0,0,0,0,0,8,"elongate","no_measure","brigadistaA",80,"March_2023",2,"without_ozone","8_13"
"AP13_N04TAF","AP13","P4","D3","AP13_N04TAF","chamber","4","purified_air",8,13,"survive",11,79,"bud",11,0,0,0,0,0,1,NA,NA,"shrubby","No","brigadistaG",198,"January_2024",2,"without_ozone","8_13"
"AP13_N04TAF","AP13","P4","D3","AP13_N04TAF","chamber","4","purified_air",8,13,"survive",9.1,76,"growing",4,1,0,0,0,0,0,NA,NA,"shrubby","No","brigadistaG",83,"October_2023",2,"without_ozone","8_13"
"AP14_N04TAF","AP14","P3","B3","AP14_N04TAF","chamber","4","purified_air",8,14,"survive",7.1,66,"growing",2,0,0,1,0,0,0,NA,NA,"shrubby","No","brigadistaG",84,"October_2023",2,"without_ozone","8_14"
"AP14_N04TAF","AP14","P3","B3","AP14_N04TAF","chamber","4","purified_air",8,14,"survive",6.6,53,"growing",2,0,0,0,0,0,0,1,5,"elongate","no_measure","brigadistaA",78,"March_2023",2,"without_ozone","8_14"
"AP14_N04TAF","AP14","P3","B3","AP14_N04TAF","chamber","4","purified_air",8,14,"survive",7.6,61,"growing",9,0,0,0,0,0,0,10,1,"elongate","bit","brigadistaD",113,"June_2023",2,"without_ozone","8_14"
"AP14_N04TAF","AP14","P3","B3","AP14_N04TAF","chamber","4","purified_air",8,14,"survive",11,68,"bud",12,0,0,0,0,0,0,NA,NA,"shrubby","No","brigadistaG",199,"January_2024",2,"without_ozone","8_14"
"AP16_N04TAF","AP16","P3","D3","AP16_N04TAF","chamber","4","purified_air",8,16,"survive",11,70,"bud",8,0,0,0,0,0,0,NA,NA,"elongate","No","brigadistaG",201,"January_2024",2,"without_ozone","8_16"
"AP16_N04TAF","AP16","P3","D3","AP16_N04TAF","chamber","4","purified_air",8,16,"survive",6.3,74,"growing",9,0,0,0,1,0,0,NA,NA,"elongate","bit","brigadistaG",86,"October_2023",2,"without_ozone","8_16"
"AP16_N04TAF","AP16","P3","D3","AP16_N04TAF","chamber","4","purified_air",8,16,"survive",6.3,72,"growing",5,0,1,1,0,0,1,3,8,"elongate","bit","brigadistaG",46,"June_2023",2,"without_ozone","8_16"
"AP16_N04TAF","AP16","P3","D3","AP16_N04TAF","chamber","4","purified_air",8,16,"survive",6.5,66,"bud",7.5,0,0,0,0,0,0,0,6,"elongate","no_measure","brigadistaA",86,"March_2023",2,"without_ozone","8_16"
"AP17_N04TAF","AP17","P3","B11","AP17_N04TAF","chamber","4","purified_air",8,17,"survive",5.6,67,"growing",13,0,0,0,0,0,0,NA,NA,"elongate","a_lot","brigadistaG",87,"October_2023",2,"without_ozone","8_17"
"AP17_N04TAF","AP17","P3","B11","AP17_N04TAF","chamber","4","purified_air",8,17,"survive",8,64.5,"growing",12.5,0,0,0,0,0,0,5,3,"elongate","bit","brigadistaA",10,"June_2023",2,"without_ozone","8_17"
"AP17_N04TAF","AP17","P3","B11","AP17_N04TAF","chamber","4","purified_air",8,17,"survive",11,70,"bud",13,0,0,0,0,0,0,NA,NA,"shrubby","bit","brigadistaG",202,"January_2024",2,"without_ozone","8_17"
"AP17_N04TAF","AP17","P3","B11","AP17_N04TAF","chamber","4","purified_air",8,17,"survive",8.7,53,"bud",16,0,0,0,0,0,0,0,5,"elongate","no_measure","brigadistaA",83,"March_2023",2,"without_ozone","8_17"
"AP20_N04TAF","AP20","P3","H10","AP20_N04TAF","chamber","4","purified_air",8,20,"dead",NA,NA,NA,NA,NA,NA,NA,NA,NA,NA,NA,NA,NA,NA,NA,NA,"October_2023",2,"without_ozone","8_20"
"AP20_N04TAF","AP20","P3","H10","AP20_N04TAF","chamber","4","purified_air",8,20,"survive",8.6,74,"bud",30.5,0,0,0,0,0,0,1,8,"elongate","no_measure","brigadistaA",84,"March_2023",2,"without_ozone","8_20"
"AP20_N04TAF","AP20","P3","H10","AP20_N04TAF","chamber","4","purified_air",8,20,"dead",NA,NA,NA,NA,NA,NA,NA,NA,NA,NA,NA,NA,NA,NA,NA,NA,"January_2024",2,"without_ozone","8_20"
"AP20_N04TAF","AP20","P3","H10","AP20_N04TAF","chamber","4","purified_air",8,20,"survive",8.7,83,"growing",8,0,0,0,0,0,0,6,11,"elongate","a_lot","brigadistaG",14,"June_2023",2,"without_ozone","8_20"
"AP22_N04TAF","AP22","P3","C3","AP22_N04TAF","chamber","4","purified_air",9,22,"survive",5.5,64,"growing",14,0,0,1,0,0,0,0,18,"elongate","a_lot","brigadistaD",119,"June_2023",3,"without_ozone","9_22"
"AP22_N04TAF","AP22","P3","C3","AP22_N04TAF","chamber","4","purified_air",9,22,"survive",4.8,50,"bud",6,0,0,0,0,0,0,0,3,"elongate","no_measure","brigadistaE",72,"March_2023",3,"without_ozone","9_22"
"AP22_N04TAF","AP22","P3","C3","AP22_N04TAF","chamber","4","purified_air",9,22,"survive",4.6,63,"dead",13,1,0,0,0,0,1,NA,NA,"elongate","bit","brigadistaG",92,"October_2023",3,"without_ozone","9_22"
"AP22_N04TAF","AP22","P3","C3","AP22_N04TAF","chamber","4","purified_air",9,22,"survive",11,54,"dead",2,0,0,0,0,0,1,NA,NA,"shrubby","No","brigadistaG",205,"January_2024",3,"without_ozone","9_22"
"AP25_N04TAF","AP25","P3","A7","AP25_N04TAF","chamber","4","purified_air",9,25,"survive",8.5,67,"growing",10,0,0,1,0,0,0,1,28,"elongate","bit","brigadistaD",120,"June_2023",3,"without_ozone","9_25"
"AP25_N04TAF","AP25","P3","A7","AP25_N04TAF","chamber","4","purified_air",9,25,"survive",6.3,70,"dead",10,1,0,0,0,0,1,NA,NA,"elongate","a_lot","brigadistaG",95,"October_2023",3,"without_ozone","9_25"
"AP25_N04TAF","AP25","P3","A7","AP25_N04TAF","chamber","4","purified_air",9,25,"survive",11,62,"bud",2.5,0,0,0,0,0,0,NA,NA,"shrubby","a_lot","brigadistaG",206,"January_2024",3,"without_ozone","9_25"
"AP25_N04TAF","AP25","P3","A7","AP25_N04TAF","chamber","4","purified_air",9,25,"survive",7.1,57,"bud",20,0,0,0,0,0,0,0,4,"elongate","no_measure","brigadistaE",70,"March_2023",3,"without_ozone","9_25"
"AP26_N04TAF","AP26","P3","D5","AP26_N04TAF","chamber","4","purified_air",9,26,"survive",10.7,75,"dead",4,0,1,0,0,0,0,NA,NA,"shrubby","bit","brigadistaG",96,"October_2023",3,"without_ozone","9_26"
"AP26_N04TAF","AP26","P3","D5","AP26_N04TAF","chamber","4","purified_air",9,26,"survive",11,76,"growing",3,0,0,0,0,0,0,NA,NA,"shrubby","bit","brigadistaG",208,"January_2024",3,"without_ozone","9_26"
"AP26_N04TAF","AP26","P3","D5","AP26_N04TAF","chamber","4","purified_air",9,26,"survive",10.1,62,"bud",26,0,0,0,0,0,0,4,2,"elongate","no_measure","brigadistaE",63,"March_2023",3,"without_ozone","9_26"
"AP26_N04TAF","AP26","P3","D5","AP26_N04TAF","chamber","4","purified_air",9,26,"survive",10.8,68,"growing",6,0,0,1,0,0,1,5,2,"elongate","bit","brigadistaG",53,"June_2023",3,"without_ozone","9_26"
"AP27_N04TAF","AP27","P4","A8","AP27_N04TAF","chamber","4","purified_air",9,27,"survive",9.3,77,"growing",1,1,1,0,0,0,0,NA,NA,"elongate","bit","brigadistaG",97,"October_2023",3,"without_ozone","9_27"
"AP27_N04TAF","AP27","P4","A8","AP27_N04TAF","chamber","4","purified_air",9,27,"survive",8.6,68,"bud",9,0,0,0,0,0,0,0,11,"elongate","no_measure","brigadistaE",60,"March_2023",3,"without_ozone","9_27"
"AP27_N04TAF","AP27","P4","A8","AP27_N04TAF","chamber","4","purified_air",9,27,"survive",10.4,71,"growing",3,0,0,0,0,0,1,4,24,"elongate","bit","brigadistaD",121,"June_2023",3,"without_ozone","9_27"
"AP27_N04TAF","AP27","P4","A8","AP27_N04TAF","chamber","4","purified_air",9,27,"survive",11,80,"bud",2,0,0,0,0,0,0,NA,NA,"elongate","No","brigadistaG",207,"January_2024",3,"without_ozone","9_27"
"AP29_N04TAF","AP29","P4","D10","AP29_N04TAF","chamber","4","purified_air",9,29,"survive",7.8,81,"growing",13.4,1,0,0,0,0,0,9,3,"elongate","bit","brigadistaA",54,"June_2023",3,"without_ozone","9_29"
"AP29_N04TAF","AP29","P4","D10","AP29_N04TAF","chamber","4","purified_air",9,29,"dead",NA,NA,NA,NA,NA,NA,NA,NA,NA,NA,NA,NA,NA,NA,NA,NA,"January_2024",3,"without_ozone","9_29"
"AP29_N04TAF","AP29","P4","D10","AP29_N04TAF","chamber","4","purified_air",9,29,"dead",NA,NA,NA,NA,NA,NA,NA,NA,NA,NA,NA,NA,NA,NA,NA,NA,"October_2023",3,"without_ozone","9_29"
"AP29_N04TAF","AP29","P4","D10","AP29_N04TAF","chamber","4","purified_air",9,29,"survive",7.4,67,"growing",20,0,0,0,0,0,0,0,9,"elongate","no_measure","brigadistaE",65,"March_2023",3,"without_ozone","9_29"
"AP30_N04TAF","AP30","P4","C10","AP30_N04TAF","chamber","4","purified_air",9,30,"survive",9.1,83,"growing",15,0,0,0,0,0,0,15,14,"elongate","bit","brigadistaE",22,"June_2023",3,"without_ozone","9_30"
"AP30_N04TAF","AP30","P4","C10","AP30_N04TAF","chamber","4","purified_air",9,30,"survive",8.7,68,"bud",5,0,0,0,0,0,0,2,8,"elongate","no_measure","brigadistaE",73,"March_2023",3,"without_ozone","9_30"
"AP30_N04TAF","AP30","P4","C10","AP30_N04TAF","chamber","4","purified_air",9,30,"dead",NA,NA,NA,NA,NA,NA,NA,NA,NA,NA,NA,NA,NA,NA,NA,NA,"January_2024",3,"without_ozone","9_30"
"AP30_N04TAF","AP30","P4","C10","AP30_N04TAF","chamber","4","purified_air",9,30,"dead",NA,NA,NA,NA,NA,NA,NA,NA,NA,NA,NA,NA,NA,NA,NA,NA,"October_2023",3,"without_ozone","9_30"
"AX03_N04TAF","AX03","P4","H2","AX03_N04TAF","chamber","4","ambient_air_SRX",1,3,"survive",10.2,66,"bud",11,0,0,1,0,0,1,NA,NA,"elongate","bit","brigadistaA",53,"October_2023",1,"forest","1_3"
"AX03_N04TAF","AX03","P4","H2","AX03_N04TAF","chamber","4","ambient_air_SRX",1,3,"survive",7.6,53,"bud",11.5,0,0,0,0,0,0,3,4,"shrubby","no_measure","brigadistaD",2,"March_2023",1,"forest","1_3"
"AX03_N04TAF","AX03","P4","H2","AX03_N04TAF","chamber","4","ambient_air_SRX",1,3,"survive",9.6,57,"growing",3,0,0,1,0,0,0,8,15,"elongate","bit","brigadistaA",145,"June_2023",1,"forest","1_3"
"AX03_N04TAF","AX03","P4","H2","AX03_N04TAF","chamber","4","ambient_air_SRX",1,3,"survive",10,68,"bud",11.5,0,0,1,0,0,0,NA,NA,"elongate","bit","brigadistaG",245,"January_2024",1,"forest","1_3"
"AX05_N04TAF","AX05","P4","G1","AX05_N04TAF","chamber","4","ambient_air_SRX",1,5,"survive",10.2,63,"bud",11,0,1,1,0,0,1,NA,NA,"shrubby","bit","brigadistaA",55,"October_2023",1,"forest","1_5"
"AX05_N04TAF","AX05","P4","G1","AX05_N04TAF","chamber","4","ambient_air_SRX",1,5,"survive",7.2,59,"growing",5,0,0,1,0,0,0,3,20,"elongate","No","brigadistaG",92,"June_2023",1,"forest","1_5"
"AX05_N04TAF","AX05","P4","G1","AX05_N04TAF","chamber","4","ambient_air_SRX",1,5,"survive",11,66.5,"bud",10,0,0,0,0,0,0,NA,NA,"shrubby","bit","brigadistaA",177,"January_2024",1,"forest","1_5"
"AX05_N04TAF","AX05","P4","G1","AX05_N04TAF","chamber","4","ambient_air_SRX",1,5,"survive",7.2,54,"bud",15,0,1,0,0,0,0,1,6,"elongate","no_measure","brigadistaE",35,"March_2023",1,"forest","1_5"
"AX07_N04TAF","AX07","P3","D8","AX07_N04TAF","chamber","4","ambient_air_SRX",1,7,"survive",7.6,70,"growing",13,0,0,1,0,0,0,2,18,"elongate","bit","brigadistaG",90,"June_2023",1,"forest","1_7"
"AX07_N04TAF","AX07","P3","D8","AX07_N04TAF","chamber","4","ambient_air_SRX",1,7,"survive",5.2,57,"bud",16,0,0,0,0,0,0,1,5,"elongate","no_measure","brigadistaE",36,"March_2023",1,"forest","1_7"
"AX07_N04TAF","AX07","P3","D8","AX07_N04TAF","chamber","4","ambient_air_SRX",1,7,"survive",11,77,"bud",19.5,0,1,0,0,0,1,NA,NA,"shrubby","bit","brigadistaA",178,"January_2024",1,"forest","1_7"
"AX07_N04TAF","AX07","P3","D8","AX07_N04TAF","chamber","4","ambient_air_SRX",1,7,"survive",9.1,73.5,"bud",20,0,1,1,0,0,1,NA,NA,"elongate","bit","brigadistaA",57,"October_2023",1,"forest","1_7"
"AX08_N04TAF","AX08","P4","D1","AX08_N04TAF","chamber","4","ambient_air_SRX",1,8,"survive",8.8,89,"bud",13.1,0,0,0,0,0,0,1,6,"elongate","no_measure","brigadistaF",3,"March_2023",1,"forest","1_8"
"AX08_N04TAF","AX08","P4","D1","AX08_N04TAF","chamber","4","ambient_air_SRX",1,8,"survive",9.7,108,"bud",18,0,0,1,0,0,1,NA,NA,"elongate","bit","brigadistaA",58,"October_2023",1,"forest","1_8"
"AX08_N04TAF","AX08","P4","D1","AX08_N04TAF","chamber","4","ambient_air_SRX",1,8,"survive",8.8,105.5,"growing",15.5,0,0,1,0,0,0,4,30,"elongate","No","brigadistaA",146,"June_2023",1,"forest","1_8"
"AX08_N04TAF","AX08","P4","D1","AX08_N04TAF","chamber","4","ambient_air_SRX",1,8,"survive",10,111,"bud",17,0,1,0,0,0,1,NA,NA,"elongate","No","brigadistaG",247,"January_2024",1,"forest","1_8"
"AX09_N04TAF","AX09","P4","F12","AX09_N04TAF","chamber","4","ambient_air_SRX",1,9,"survive",9.4,70,"growing",8,0,0,1,0,0,0,1,21,"elongate","bit","brigadistaG",95,"June_2023",1,"forest","1_9"
"AX09_N04TAF","AX09","P4","F12","AX09_N04TAF","chamber","4","ambient_air_SRX",1,9,"survive",6.7,63,"bud",26,0,0,0,0,0,0,2,4,"elongate","no_measure","brigadistaD",145,"March_2023",1,"forest","1_9"
"AX09_N04TAF","AX09","P4","F12","AX09_N04TAF","chamber","4","ambient_air_SRX",1,9,"survive",8.3,83,"bud",19,0,1,1,0,0,1,NA,NA,"elongate","a_lot","brigadistaA",59,"October_2023",1,"forest","1_9"
"AX09_N04TAF","AX09","P4","F12","AX09_N04TAF","chamber","4","ambient_air_SRX",1,9,"survive",11,85.5,"bud",20,0,0,0,0,0,0,NA,NA,"shrubby","bit","brigadistaA",179,"January_2024",1,"forest","1_9"
"AX10_N04TAF","AX10","P3","E11","AX10_N04TAF","chamber","4","ambient_air_SRX",1,10,"survive",6.8,70,"bud",30,0,0,0,0,0,0,1,6,"elongate","no_measure","brigadistaB",10,"March_2023",1,"forest","1_10"
"AX10_N04TAF","AX10","P3","E11","AX10_N04TAF","chamber","4","ambient_air_SRX",1,10,"survive",11.6,95,"bud",24,0,1,1,0,0,1,NA,NA,"elongate","bit","brigadistaA",60,"October_2023",1,"forest","1_10"
"AX10_N04TAF","AX10","P3","E11","AX10_N04TAF","chamber","4","ambient_air_SRX",1,10,"survive",10,99,"bud",25,0,0,1,0,0,0,NA,NA,"elongate","No","brigadistaG",248,"January_2024",1,"forest","1_10"
"AX10_N04TAF","AX10","P3","E11","AX10_N04TAF","chamber","4","ambient_air_SRX",1,10,"survive",9.4,78,"growing",7,0,0,1,0,0,0,3,31,"elongate","bit","brigadistaA",147,"June_2023",1,"forest","1_10"
"AX12_N04TAF","AX12","P3","F2","AX12_N04TAF","chamber","4","ambient_air_SRX",2,12,"survive",10,75,"bud",19,0,0,0,0,0,1,NA,NA,"elongate","bit","brigadistaG",250,"January_2024",2,"forest","2_12"
"AX12_N04TAF","AX12","P3","F2","AX12_N04TAF","chamber","4","ambient_air_SRX",2,12,"survive",5,55,"bud",6,0,0,0,0,0,0,1,2,"elongate","no_measure","brigadistaE",39,"March_2023",2,"forest","2_12"
"AX12_N04TAF","AX12","P3","F2","AX12_N04TAF","chamber","4","ambient_air_SRX",2,12,"survive",5.8,62,"growing",5,0,0,1,0,0,0,4,13,"elongate","bit","brigadistaG",98,"June_2023",2,"forest","2_12"
"AX12_N04TAF","AX12","P3","F2","AX12_N04TAF","chamber","4","ambient_air_SRX",2,12,"survive",8.5,76,"bud",20,0,0,0,0,0,1,NA,NA,"elongate","bit","brigadistaG",132,"October_2023",2,"forest","2_12"
"AX13_N04TAF","AX13","P4","E6","AX13_N04TAF","chamber","4","ambient_air_SRX",2,13,"survive",11,89,"bud",14,0,0,1,0,0,1,NA,NA,"shrubby","No","brigadistaA",181,"January_2024",2,"forest","2_13"
"AX13_N04TAF","AX13","P4","E6","AX13_N04TAF","chamber","4","ambient_air_SRX",2,13,"survive",8.1,84,"growing",7,0,0,1,0,0,0,3,8,"elongate","bit","brigadistaG",141,"June_2023",2,"forest","2_13"
"AX13_N04TAF","AX13","P4","E6","AX13_N04TAF","chamber","4","ambient_air_SRX",2,13,"survive",7,76,"bud",32,0,0,0,0,0,0,3,0,"elongate","no_measure","brigadistaD",148,"March_2023",2,"forest","2_13"
"AX13_N04TAF","AX13","P4","E6","AX13_N04TAF","chamber","4","ambient_air_SRX",2,13,"survive",9.5,90,"growing",14,0,0,1,0,0,0,NA,NA,"elongate","No","brigadistaG",133,"October_2023",2,"forest","2_13"
"AX14_N04TAF","AX14","P4","F8","AX14_N04TAF","chamber","4","ambient_air_SRX",2,14,"survive",6.1,69,"bud",23,0,0,0,0,0,0,1,4,"shrubby","no_measure","brigadistaF",4,"March_2023",2,"forest","2_14"
"AX14_N04TAF","AX14","P4","F8","AX14_N04TAF","chamber","4","ambient_air_SRX",2,14,"survive",8.5,71,"bud",19.5,0,0,1,0,0,0,NA,NA,"elongate","bit","brigadistaG",134,"October_2023",2,"forest","2_14"
"AX14_N04TAF","AX14","P4","F8","AX14_N04TAF","chamber","4","ambient_air_SRX",2,14,"survive",7.2,76,"growing",6,0,0,1,0,0,0,4,24,"shrubby","bit","brigadistaG",97,"June_2023",2,"forest","2_14"
"AX14_N04TAF","AX14","P4","F8","AX14_N04TAF","chamber","4","ambient_air_SRX",2,14,"survive",11,79,"bud",19,0,0,1,0,0,1,NA,NA,"shrubby","bit","brigadistaA",182,"January_2024",2,"forest","2_14"
"AX15_N04TAF","AX15","P4","A7","AX15_N04TAF","chamber","4","ambient_air_SRX",2,15,"survive",6.9,51,"growing",7,0,0,1,0,0,0,3,9,"shrubby","bit","brigadistaG",142,"June_2023",2,"forest","2_15"
"AX15_N04TAF","AX15","P4","A7","AX15_N04TAF","chamber","4","ambient_air_SRX",2,15,"survive",11,58,"bud",13.5,0,0,0,0,0,0,NA,NA,"shrubby","bit","brigadistaA",183,"January_2024",2,"forest","2_15"
"AX15_N04TAF","AX15","P4","A7","AX15_N04TAF","chamber","4","ambient_air_SRX",2,15,"survive",8.8,56.5,"bud",13.5,0,0,1,0,0,1,NA,NA,"shrubby","a_lot","brigadistaG",135,"October_2023",2,"forest","2_15"
"AX15_N04TAF","AX15","P4","A7","AX15_N04TAF","chamber","4","ambient_air_SRX",2,15,"survive",7.7,43,"bud",10,0,0,0,0,0,0,1,4,"shrubby","no_measure","brigadistaF",7,"March_2023",2,"forest","2_15"
"AX16_N04TAF","AX16","P4","B11","AX16_N04TAF","chamber","4","ambient_air_SRX",2,16,"survive",8.6,61,"bud",8,0,1,1,0,0,0,NA,NA,"shrubby","bit","brigadistaG",136,"October_2023",2,"forest","2_16"
"AX16_N04TAF","AX16","P4","B11","AX16_N04TAF","chamber","4","ambient_air_SRX",2,16,"survive",7.8,62,"growing",8,0,0,1,0,0,0,4,4,"elongate","a_lot","brigadistaG",138,"June_2023",2,"forest","2_16"
"AX16_N04TAF","AX16","P4","B11","AX16_N04TAF","chamber","4","ambient_air_SRX",2,16,"survive",11,62.5,"bud",8,0,0,1,0,0,1,NA,NA,"shrubby","a_lot","brigadistaA",184,"January_2024",2,"forest","2_16"
"AX16_N04TAF","AX16","P4","B11","AX16_N04TAF","chamber","4","ambient_air_SRX",2,16,"survive",6.1,54,"bud",2,0,0,0,0,0,0,2,1,"elongate","no_measure","brigadistaD",147,"March_2023",2,"forest","2_16"
"AX17_N04TAF","AX17","P3","H12","AX17_N04TAF","chamber","4","ambient_air_SRX",2,17,"survive",11.3,95.5,"bud",17.6,0,1,1,0,0,1,NA,NA,"elongate","bit","brigadistaG",137,"October_2023",2,"forest","2_17"
"AX17_N04TAF","AX17","P3","H12","AX17_N04TAF","chamber","4","ambient_air_SRX",2,17,"survive",11.8,87,"growing",11,0,0,1,0,0,0,3,23,"elongate","No","brigadistaG",96,"June_2023",2,"forest","2_17"
"AX17_N04TAF","AX17","P3","H12","AX17_N04TAF","chamber","4","ambient_air_SRX",2,17,"survive",6.8,77,"bud",18,0,0,0,0,0,0,1,6,"elongate","no_measure","brigadistaE",38,"March_2023",2,"forest","2_17"
"AX17_N04TAF","AX17","P3","H12","AX17_N04TAF","chamber","4","ambient_air_SRX",2,17,"survive",11,96,"bud",18.5,0,0,1,0,0,0,NA,NA,"shrubby","bit","brigadistaA",185,"January_2024",2,"forest","2_17"
"AX19_N04TAF","AX19","P4","H1","AX19_N04TAF","chamber","4","ambient_air_SRX",2,19,"survive",7.2,73,"growing",17,0,0,1,0,0,0,2,12,"elongate","bit","brigadistaG",137,"June_2023",2,"forest","2_19"
"AX19_N04TAF","AX19","P4","H1","AX19_N04TAF","chamber","4","ambient_air_SRX",2,19,"survive",5.6,56,"bud",26,0,0,0,0,0,0,1,4,"elongate","no_measure","brigadistaB",13,"March_2023",2,"forest","2_19"
"AX19_N04TAF","AX19","P4","H1","AX19_N04TAF","chamber","4","ambient_air_SRX",2,19,"survive",8.8,82.5,"bud",25.5,0,1,0,1,0,0,NA,NA,"elongate","bit","brigadistaG",139,"October_2023",2,"forest","2_19"
"AX19_N04TAF","AX19","P4","H1","AX19_N04TAF","chamber","4","ambient_air_SRX",2,19,"survive",10,89,"bud",24,0,0,0,0,0,0,NA,NA,"elongate","No","brigadistaG",252,"January_2024",2,"forest","2_19"
"AX21_N04TAF","AX21","P4","A6","AX21_N04TAF","chamber","4","ambient_air_SRX",3,21,"survive",7,58,"bud",17,0,0,0,0,0,0,1,9,"elongate","no_measure","brigadistaF",8,"March_2023",3,"forest","3_21"
"AX21_N04TAF","AX21","P4","A6","AX21_N04TAF","chamber","4","ambient_air_SRX",3,21,"survive",11,81,"growing",19,0,0,1,0,0,0,NA,NA,"shrubby","No","brigadistaA",188,"January_2024",3,"forest","3_21"
"AX21_N04TAF","AX21","P4","A6","AX21_N04TAF","chamber","4","ambient_air_SRX",3,21,"survive",8.7,67,"growing",9,0,0,1,0,0,0,7,26,"elongate","No","brigadistaG",100,"June_2023",3,"forest","3_21"
"AX21_N04TAF","AX21","P4","A6","AX21_N04TAF","chamber","4","ambient_air_SRX",3,21,"survive",9.7,77,"growing",18.5,0,0,1,0,0,0,NA,NA,"shrubby","bit","brigadistaG",141,"October_2023",3,"forest","3_21"
"AX22_N04TAF","AX22","P3","D11","AX22_N04TAF","chamber","4","ambient_air_SRX",3,22,"survive",10.1,80.3,"growing",17,0,1,1,0,0,0,NA,NA,"elongate","bit","brigadistaG",142,"October_2023",3,"forest","3_22"
"AX22_N04TAF","AX22","P3","D11","AX22_N04TAF","chamber","4","ambient_air_SRX",3,22,"survive",9.3,62,"bud",20,0,0,0,0,0,0,1,7,"elongate","no_measure","brigadistaE",40,"March_2023",3,"forest","3_22"
"AX22_N04TAF","AX22","P3","D11","AX22_N04TAF","chamber","4","ambient_air_SRX",3,22,"survive",8.1,72,"growing",10,0,0,1,0,0,0,2,10,"elongate","bit","brigadistaG",144,"June_2023",3,"forest","3_22"
"AX22_N04TAF","AX22","P3","D11","AX22_N04TAF","chamber","4","ambient_air_SRX",3,22,"survive",11,80,"bud",17,0,1,1,0,0,0,NA,NA,"shrubby","bit","brigadistaA",189,"January_2024",3,"forest","3_22"
"AX25_N04TAF","AX25","P3","B9","AX25_N04TAF","chamber","4","ambient_air_SRX",3,25,"survive",10.5,78,"growing",7,0,0,1,0,0,0,6,9,"elongate","bit","brigadistaG",143,"June_2023",3,"forest","3_25"
"AX25_N04TAF","AX25","P3","B9","AX25_N04TAF","chamber","4","ambient_air_SRX",3,25,NA,NA,NA,NA,NA,0,NA,NA,NA,NA,NA,NA,NA,NA,NA,NA,NA,"March_2023",3,"forest","3_25"
"AX25_N04TAF","AX25","P3","B9","AX25_N04TAF","chamber","4","ambient_air_SRX",3,25,"survive",12.5,89,"bud",18,0,1,1,0,0,1,NA,NA,"elongate","bit","brigadistaG",145,"October_2023",3,"forest","3_25"
"AX25_N04TAF","AX25","P3","B9","AX25_N04TAF","chamber","4","ambient_air_SRX",3,25,"survive",11,93.5,"bud",17,0,0,0,0,0,0,NA,NA,"shrubby","bit","brigadistaA",192,"January_2024",3,"forest","3_25"
"AX26_N04TAF","AX26","P3","E8","AX26_N04TAF","chamber","4","ambient_air_SRX",3,26,"survive",6.3,62,"bud",25,0,0,0,0,0,0,1,1,"elongate","no_measure","brigadistaE",42,"March_2023",3,"forest","3_26"
"AX26_N04TAF","AX26","P3","E8","AX26_N04TAF","chamber","4","ambient_air_SRX",3,26,"survive",8.9,70,"growing",8,0,0,1,0,0,0,5,18,"elongate","a_lot","brigadistaA",153,"June_2023",3,"forest","3_26"
"AX26_N04TAF","AX26","P3","E8","AX26_N04TAF","chamber","4","ambient_air_SRX",3,26,"survive",10,86,"growing",19,0,0,0,0,0,1,NA,NA,"elongate","bit","brigadistaG",257,"January_2024",3,"forest","3_26"
"AX26_N04TAF","AX26","P3","E8","AX26_N04TAF","chamber","4","ambient_air_SRX",3,26,"survive",10.3,82,"growing",20,0,1,1,0,0,0,NA,NA,"elongate","bit","brigadistaG",146,"October_2023",3,"forest","3_26"
"AX27_N04TAF","AX27","P3","E4","AX27_N04TAF","chamber","4","ambient_air_SRX",3,27,"survive",10,89,"bud",14,0,0,1,0,0,1,NA,NA,"elongate","No","brigadistaG",256,"January_2024",3,"forest","3_27"
"AX27_N04TAF","AX27","P3","E4","AX27_N04TAF","chamber","4","ambient_air_SRX",3,27,"survive",7.7,80,"growing",7,0,0,1,0,0,0,1,20,"elongate","No","brigadistaG",99,"June_2023",3,"forest","3_27"
"AX27_N04TAF","AX27","P3","E4","AX27_N04TAF","chamber","4","ambient_air_SRX",3,27,"survive",6.2,75,"bud",25,0,0,0,0,0,0,1,7,"elongate","no_measure","brigadistaE",41,"March_2023",3,"forest","3_27"
"AX27_N04TAF","AX27","P3","E4","AX27_N04TAF","chamber","4","ambient_air_SRX",3,27,"survive",9.5,89,"bud",15,0,0,1,0,0,0,NA,NA,"elongate","No","brigadistaG",147,"October_2023",3,"forest","3_27"
"AX28_N04TAF","AX28","P4","H4","AX28_N04TAF","chamber","4","ambient_air_SRX",3,28,"survive",7.4,53,"growing",14,0,1,0,0,0,0,NA,NA,"shrubby","bit","brigadistaG",148,"October_2023",3,"forest","3_28"
"AX28_N04TAF","AX28","P4","H4","AX28_N04TAF","chamber","4","ambient_air_SRX",3,28,"survive",6.4,59,"growing",9,0,0,1,0,0,0,6,9,"shrubby","No","brigadistaA",151,"June_2023",3,"forest","3_28"
"AX28_N04TAF","AX28","P4","H4","AX28_N04TAF","chamber","4","ambient_air_SRX",3,28,"survive",10,56,"bud",13,0,0,0,0,0,0,NA,NA,"shrubby","bit","brigadistaG",255,"January_2024",3,"forest","3_28"
"AX28_N04TAF","AX28","P4","H4","AX28_N04TAF","chamber","4","ambient_air_SRX",3,28,"survive",5.4,50,"bud",13.5,0,0,0,0,0,0,1,4,"shrubby","no_measure","brigadistaD",150,"March_2023",3,"forest","3_28"
"CA03_N04TAF","CA03","P3","B6","CA03_N04TAF","chamber","4","ozone_contingency",6,3,"survive",10,60,"growing",2,0,0,0,0,0,0,NA,NA,"elongate","No","brigadistaA",152,"January_2024",1,"with_ozone","6_3"
"CA03_N04TAF","CA03","P3","B6","CA03_N04TAF","chamber","4","ozone_contingency",6,3,"survive",6.4,58,"bud",19,0,0,0,0,0,0,2,4,"elongate","no_measure","brigadistaE",54,"March_2023",1,"with_ozone","6_3"
"CA03_N04TAF","CA03","P3","B6","CA03_N04TAF","chamber","4","ozone_contingency",6,3,"survive",6.7,60,"dead",0,1,1,0,0,0,1,NA,NA,"shrubby","bit","brigadistaG",73,"October_2023",1,"with_ozone","6_3"
"CA03_N04TAF","CA03","P3","B6","CA03_N04TAF","chamber","4","ozone_contingency",6,3,"survive",8.3,62,"growing",4,1,0,1,0,0,0,4,16,"elongate","No","brigadistaD",108,"June_2023",1,"with_ozone","6_3"
"CA04_N04TAF","CA04","P3","B1","CA04_N04TAF","chamber","4","ozone_contingency",6,4,"survive",9.3,64,"bud",26,0,0,0,0,0,0,7,5,"elongate","no_measure","brigadistaE",52,"March_2023",1,"with_ozone","6_4"
"CA04_N04TAF","CA04","P3","B1","CA04_N04TAF","chamber","4","ozone_contingency",6,4,"survive",11,70,"growing",4,0,1,1,0,0,1,NA,NA,"elongate","bit","brigadistaA",153,"January_2024",1,"with_ozone","6_4"
"CA04_N04TAF","CA04","P3","B1","CA04_N04TAF","chamber","4","ozone_contingency",6,4,"survive",8.8,70,"dead",7,1,1,0,0,0,1,NA,NA,"elongate","bit","brigadistaG",74,"October_2023",1,"with_ozone","6_4"
"CA04_N04TAF","CA04","P3","B1","CA04_N04TAF","chamber","4","ozone_contingency",6,4,"survive",12.8,71,"growing",7,1,0,0,0,0,1,11,15,"elongate","No","brigadistaD",109,"June_2023",1,"with_ozone","6_4"
"CA06_N04TAF","CA06","P3","C2","CA06_N04TAF","chamber","4","ozone_contingency",6,6,"dead",NA,NA,NA,NA,NA,NA,NA,NA,NA,NA,NA,NA,NA,NA,NA,NA,"January_2024",1,"with_ozone","6_6"
"CA06_N04TAF","CA06","P3","C2","CA06_N04TAF","chamber","4","ozone_contingency",6,6,"survive",9,72,"bud",4,0,0,0,0,0,0,1,8,"elongate","no_measure","brigadistaA",46,"March_2023",1,"with_ozone","6_6"
"CA06_N04TAF","CA06","P3","C2","CA06_N04TAF","chamber","4","ozone_contingency",6,6,"survive",9.5,77,"growing",4.5,1,0,1,0,1,0,3,12,"elongate","bit","brigadistaG",44,"June_2023",1,"with_ozone","6_6"
"CA06_N04TAF","CA06","P3","C2","CA06_N04TAF","chamber","4","ozone_contingency",6,6,"survive",6.2,101,"dead",4,1,1,0,0,0,0,NA,NA,"elongate","No","brigadistaG",76,"October_2023",1,"with_ozone","6_6"
"CA07_N04TAF","CA07","P3","C6","CA07_N04TAF","chamber","4","ozone_contingency",6,7,"survive",11,76,"growing",5.5,0,1,0,0,0,1,NA,NA,"elongate","No","brigadistaA",156,"January_2024",1,"with_ozone","6_7"
"CA07_N04TAF","CA07","P3","C6","CA07_N04TAF","chamber","4","ozone_contingency",6,7,"survive",10,72,"growing",7,1,0,0,0,0,1,NA,NA,"elongate","No","brigadistaG",77,"October_2023",1,"with_ozone","6_7"
"CA07_N04TAF","CA07","P3","C6","CA07_N04TAF","chamber","4","ozone_contingency",6,7,"survive",9.2,70,"growing",5.5,0,0,0,0,0,0,2,13,"elongate","no_measure","brigadistaA",47,"March_2023",1,"with_ozone","6_7"
"CA07_N04TAF","CA07","P3","C6","CA07_N04TAF","chamber","4","ozone_contingency",6,7,"survive",9.1,75,"growing",5,1,0,1,0,0,0,1,21,"elongate","No","brigadistaD",110,"June_2023",1,"with_ozone","6_7"
"CA09_N04TAF","CA09","P3","F6","CA09_N04TAF","chamber","4","ozone_contingency",6,9,"survive",8.4,74,"growing",5,1,0,1,0,1,0,10,11,"elongate","bit","brigadistaG",45,"June_2023",1,"with_ozone","6_9"
"CA09_N04TAF","CA09","P3","F6","CA09_N04TAF","chamber","4","ozone_contingency",6,9,"survive",11,74,"dead",5,0,0,0,0,0,1,NA,NA,"elongate","bit","brigadistaA",158,"January_2024",1,"with_ozone","6_9"
"CA09_N04TAF","CA09","P3","F6","CA09_N04TAF","chamber","4","ozone_contingency",6,9,"survive",6.6,80,"dead",7,1,1,0,0,0,0,NA,NA,"elongate","bit","brigadistaG",79,"October_2023",1,"with_ozone","6_9"
"CA09_N04TAF","CA09","P3","F6","CA09_N04TAF","chamber","4","ozone_contingency",6,9,"survive",8,69,"bud",35,0,0,0,0,0,0,0,16,"elongate","no_measure","brigadistaA",45,"March_2023",1,"with_ozone","6_9"
"CA10_N04TAF","CA10","P3","D10","CA10_N04TAF","chamber","4","ozone_contingency",6,10,"survive",7.4,58.5,"bud",17,0,0,0,0,0,0,0,5,"elongate","no_measure","brigadistaA",44,"March_2023",1,"with_ozone","6_10"
"CA10_N04TAF","CA10","P3","D10","CA10_N04TAF","chamber","4","ozone_contingency",6,10,"survive",8.6,60,"growing",2,1,1,1,0,0,0,0,10,"elongate","No","brigadistaD",46,"June_2023",1,"with_ozone","6_10"
"CA10_N04TAF","CA10","P3","D10","CA10_N04TAF","chamber","4","ozone_contingency",6,10,"dead",NA,NA,NA,NA,NA,NA,NA,NA,NA,NA,NA,NA,NA,NA,NA,NA,"January_2024",1,"with_ozone","6_10"
"CA10_N04TAF","CA10","P3","D10","CA10_N04TAF","chamber","4","ozone_contingency",6,10,"dead",NA,NA,NA,NA,NA,NA,NA,NA,NA,NA,NA,NA,NA,NA,NA,NA,"October_2023",1,"with_ozone","6_10"
"CA11_N04TAF","CA11","P4","F9","CA11_N04TAF","chamber","4","ozone_contingency",12,11,"dead",NA,NA,NA,NA,NA,NA,NA,NA,NA,NA,NA,NA,NA,NA,NA,NA,"October_2023",2,"with_ozone","12_11"
"CA11_N04TAF","CA11","P4","F9","CA11_N04TAF","chamber","4","ozone_contingency",12,11,"dead",NA,NA,NA,NA,NA,NA,NA,NA,NA,NA,NA,NA,NA,NA,NA,NA,"January_2024",2,"with_ozone","12_11"
"CA11_N04TAF","CA11","P4","F9","CA11_N04TAF","chamber","4","ozone_contingency",12,11,"survive",10,79,"growing",12,1,0,0,0,0,1,10,6,"elongate","No","brigadistaE",65,"June_2023",2,"with_ozone","12_11"
"CA11_N04TAF","CA11","P4","F9","CA11_N04TAF","chamber","4","ozone_contingency",12,11,"survive",8,67,"growing",26,0,0,0,0,0,0,0,7,"elongate","no_measure","brigadistaE",114,"March_2023",2,"with_ozone","12_11"
"CA14_N04TAF","CA14","P4","G12","CA14_N04TAF","chamber","4","ozone_contingency",12,14,"survive",6.5,62,"growing",8,0,0,1,0,0,0,6,5,"elongate","No","brigadistaE",1,"June_2023",2,"with_ozone","12_14"
"CA14_N04TAF","CA14","P4","G12","CA14_N04TAF","chamber","4","ozone_contingency",12,14,"survive",5.7,56,"bud",7,0,0,0,0,0,0,0,7,"elongate","no_measure","brigadistaE",112,"March_2023",2,"with_ozone","12_14"
"CA14_N04TAF","CA14","P4","G12","CA14_N04TAF","chamber","4","ozone_contingency",12,14,"survive",7.7,68,"bud",11,1,1,1,0,0,0,NA,NA,"elongate","bit","brigadistaA",40,"October_2023",2,"with_ozone","12_14"
"CA14_N04TAF","CA14","P4","G12","CA14_N04TAF","chamber","4","ozone_contingency",12,14,"survive",11,69,"bud",12,0,0,0,0,0,1,NA,NA,"elongate","bit","brigadistaA",161,"January_2024",2,"with_ozone","12_14"
"CA16_N04TAF","CA16","P4","D8","CA16_N04TAF","chamber","4","ozone_contingency",12,16,"survive",10.5,93,"growing",18,1,1,1,0,0,0,NA,NA,"elongate","bit","brigadistaA",42,"October_2023",2,"with_ozone","12_16"
"CA16_N04TAF","CA16","P4","D8","CA16_N04TAF","chamber","4","ozone_contingency",12,16,"survive",9.3,79,"growing",4,0,0,0,0,0,0,3,16,"elongate","bit","brigadistaD",129,"June_2023",2,"with_ozone","12_16"
"CA16_N04TAF","CA16","P4","D8","CA16_N04TAF","chamber","4","ozone_contingency",12,16,"survive",7,75,"bud",32,0,0,0,0,0,0,0,11,"elongate","no_measure","brigadistaE",105,"March_2023",2,"with_ozone","12_16"
"CA16_N04TAF","CA16","P4","D8","CA16_N04TAF","chamber","4","ozone_contingency",12,16,"survive",11,70,"bud",1,0,1,0,0,0,1,NA,NA,"elongate","bit","brigadistaA",163,"January_2024",2,"with_ozone","12_16"
"CA17_N04TAF","CA17","P3","C11","CA17_N04TAF","chamber","4","ozone_contingency",12,17,"survive",11,70,"growing",4,0,1,0,0,0,1,NA,NA,"shrubby","bit","brigadistaA",166,"January_2024",2,"with_ozone","12_17"
"CA17_N04TAF","CA17","P3","C11","CA17_N04TAF","chamber","4","ozone_contingency",12,17,"survive",9.5,76,"growing",8.5,0,0,1,0,0,0,7,7,"elongate","No","brigadistaE",32,"June_2023",2,"with_ozone","12_17"
"CA17_N04TAF","CA17","P3","C11","CA17_N04TAF","chamber","4","ozone_contingency",12,17,"survive",8.5,72,"bud",25,0,0,0,0,0,0,3,9,"elongate","no_measure","brigadistaE",119,"March_2023",2,"with_ozone","12_17"
"CA17_N04TAF","CA17","P3","C11","CA17_N04TAF","chamber","4","ozone_contingency",12,17,"survive",10.1,76,"dead",8,1,0,0,0,0,0,NA,NA,"elongate","No","brigadistaA",43,"October_2023",2,"with_ozone","12_17"
"CA18_N04TAF","CA18","P3","G2","CA18_N04TAF","chamber","4","ozone_contingency",12,18,"survive",9.8,80,"growing",8.6,1,0,1,0,0,0,8,1,"elongate","No","brigadistaA",67,"June_2023",2,"with_ozone","12_18"
"CA18_N04TAF","CA18","P3","G2","CA18_N04TAF","chamber","4","ozone_contingency",12,18,"dead",NA,NA,NA,NA,NA,NA,NA,NA,NA,NA,NA,NA,NA,NA,NA,NA,"January_2024",2,"with_ozone","12_18"
"CA18_N04TAF","CA18","P3","G2","CA18_N04TAF","chamber","4","ozone_contingency",12,18,"dead",NA,NA,NA,NA,NA,NA,NA,NA,NA,NA,NA,NA,NA,NA,NA,NA,"October_2023",2,"with_ozone","12_18"
"CA18_N04TAF","CA18","P3","G2","CA18_N04TAF","chamber","4","ozone_contingency",12,18,"survive",9.9,71,"bud",23,0,0,0,0,0,0,2,10,"elongate","no_measure","brigadistaE",110,"March_2023",2,"with_ozone","12_18"
"CA19_N04TAF","CA19","P4","F4","CA19_N04TAF","chamber","4","ozone_contingency",12,19,"dead",NA,NA,NA,NA,NA,NA,NA,NA,NA,NA,NA,NA,NA,NA,NA,NA,"October_2023",2,"with_ozone","12_19"
"CA19_N04TAF","CA19","P4","F4","CA19_N04TAF","chamber","4","ozone_contingency",12,19,"dead",NA,NA,NA,NA,NA,NA,NA,NA,NA,NA,NA,NA,NA,NA,NA,NA,"January_2024",2,"with_ozone","12_19"
"CA19_N04TAF","CA19","P4","F4","CA19_N04TAF","chamber","4","ozone_contingency",12,19,"survive",8,71,"bud",22,0,0,0,0,0,0,0,16,"elongate","no_measure","brigadistaE",117,"March_2023",2,"with_ozone","12_19"
"CA19_N04TAF","CA19","P4","F4","CA19_N04TAF","chamber","4","ozone_contingency",12,19,"survive",8.2,79,"growing",8,0,1,0,0,0,0,5,8,"elongate","No","brigadistaG",70,"June_2023",2,"with_ozone","12_19"
"CA21_N04TAF","CA21","P4","A11","CA21_N04TAF","chamber","4","ozone_contingency",13,21,"survive",8.7,70,"growing",3,0,0,0,0,0,0,2,8,"elongate","bit","brigadistaA",69,"June_2023",3,"with_ozone","13_21"
"CA21_N04TAF","CA21","P4","A11","CA21_N04TAF","chamber","4","ozone_contingency",13,21,"survive",9.2,61,"bud",21,0,0,0,0,0,0,0,11,"elongate","no_measure","brigadistaG",111,"March_2023",3,"with_ozone","13_21"
"CA21_N04TAF","CA21","P4","A11","CA21_N04TAF","chamber","4","ozone_contingency",13,21,"dead",NA,NA,NA,NA,NA,NA,NA,NA,NA,NA,NA,NA,NA,NA,NA,NA,"January_2024",3,"with_ozone","13_21"
"CA21_N04TAF","CA21","P4","A11","CA21_N04TAF","chamber","4","ozone_contingency",13,21,"dead",NA,NA,NA,NA,NA,NA,NA,NA,NA,NA,NA,NA,NA,NA,NA,NA,"October_2023",3,"with_ozone","13_21"
"CA22_N04TAF","CA22","P4","B4","CA22_N04TAF","chamber","4","ozone_contingency",13,22,"dead",NA,NA,NA,NA,NA,NA,NA,NA,NA,NA,NA,NA,NA,NA,NA,NA,"October_2023",3,"with_ozone","13_22"
"CA22_N04TAF","CA22","P4","B4","CA22_N04TAF","chamber","4","ozone_contingency",13,22,"survive",7.8,63,"bud",24,0,0,0,0,0,0,2,7,"elongate","no_measure","brigadistaG",109,"March_2023",3,"with_ozone","13_22"
"CA22_N04TAF","CA22","P4","B4","CA22_N04TAF","chamber","4","ozone_contingency",13,22,"dead",NA,NA,NA,NA,NA,NA,NA,NA,NA,NA,NA,NA,NA,NA,NA,NA,"January_2024",3,"with_ozone","13_22"
"CA22_N04TAF","CA22","P4","B4","CA22_N04TAF","chamber","4","ozone_contingency",13,22,"survive",9.6,66,"growing",2.5,0,0,0,0,0,0,5,3,"elongate","bit","brigadistaA",31,"June_2023",3,"with_ozone","13_22"
"CA25_N04TAF","CA25","P4","B10","CA25_N04TAF","chamber","4","ozone_contingency",13,25,"survive",8.9,71.5,"growing",2.8,0,1,0,0,0,0,8,2,"elongate","No","brigadistaA",72,"June_2023",3,"with_ozone","13_25"
"CA25_N04TAF","CA25","P4","B10","CA25_N04TAF","chamber","4","ozone_contingency",13,25,"survive",7.6,71,"growing",0,1,0,0,0,0,0,NA,NA,"shrubby","No","brigadistaG",115,"October_2023",3,"with_ozone","13_25"
"CA25_N04TAF","CA25","P4","B10","CA25_N04TAF","chamber","4","ozone_contingency",13,25,"survive",10,68,"bud",26,0,0,0,0,0,0,5,4,"elongate","no_measure","brigadistaG",118,"March_2023",3,"with_ozone","13_25"
"CA25_N04TAF","CA25","P4","B10","CA25_N04TAF","chamber","4","ozone_contingency",13,25,"survive",11,71,"bud",1,0,1,1,0,0,1,NA,NA,"shrubby","No","brigadistaA",168,"January_2024",3,"with_ozone","13_25"
"CA27_N04TAF","CA27","P4","H12","CA27_N04TAF","chamber","4","ozone_contingency",13,27,"survive",5.5,75,"dead",6,1,1,0,1,0,0,NA,NA,"elongate","a_lot","brigadistaG",117,"October_2023",3,"with_ozone","13_27"
"CA27_N04TAF","CA27","P4","H12","CA27_N04TAF","chamber","4","ozone_contingency",13,27,"survive",11,67,"growing",3.2,0,0,0,0,0,1,NA,NA,"elongate","No","brigadistaA",170,"January_2024",3,"with_ozone","13_27"
"CA27_N04TAF","CA27","P4","H12","CA27_N04TAF","chamber","4","ozone_contingency",13,27,"survive",6,65,"bud",19,0,0,0,0,0,0,0,9,"elongate","no_measure","brigadistaG",121,"March_2023",3,"with_ozone","13_27"
"CA27_N04TAF","CA27","P4","H12","CA27_N04TAF","chamber","4","ozone_contingency",13,27,"survive",6.4,74,"growing",9,0,0,0,0,0,1,2,14,"elongate","bit","brigadistaD",131,"June_2023",3,"with_ozone","13_27"
"CA28_N04TAF","CA28","P4","F11","CA28_N04TAF","chamber","4","ozone_contingency",13,28,"survive",7.8,61,"bud",1,0,0,0,0,0,1,0,10,"shrubby","No","brigadistaG",71,"June_2023",3,"with_ozone","13_28"
"CA28_N04TAF","CA28","P4","F11","CA28_N04TAF","chamber","4","ozone_contingency",13,28,"dead",NA,NA,NA,NA,NA,NA,NA,NA,NA,NA,NA,NA,NA,NA,NA,NA,"October_2023",3,"with_ozone","13_28"
"CA28_N04TAF","CA28","P4","F11","CA28_N04TAF","chamber","4","ozone_contingency",13,28,"dead",NA,NA,NA,NA,NA,NA,NA,NA,NA,NA,NA,NA,NA,NA,NA,NA,"January_2024",3,"with_ozone","13_28"
"CA28_N04TAF","CA28","P4","F11","CA28_N04TAF","chamber","4","ozone_contingency",13,28,"survive",7.9,60,"bud",1,0,0,0,0,0,0,0,13,"elongate","no_measure","brigadistaG",122,"March_2023",3,"with_ozone","13_28"
"CA29_N04TAF","CA29","P3","E7","CA29_N04TAF","chamber","4","ozone_contingency",13,29,"survive",10,68,"bud",23,0,0,0,0,0,0,0,10,"elongate","no_measure","brigadistaG",123,"March_2023",3,"with_ozone","13_29"
"CA29_N04TAF","CA29","P3","E7","CA29_N04TAF","chamber","4","ozone_contingency",13,29,"survive",7.4,85,"dead",5,1,1,0,0,0,0,NA,NA,"elongate","bit","brigadistaG",119,"October_2023",3,"with_ozone","13_29"
"CA29_N04TAF","CA29","P3","E7","CA29_N04TAF","chamber","4","ozone_contingency",13,29,"survive",11,73.5,"growing",2.5,0,0,0,0,0,1,NA,NA,"elongate","bit","brigadistaA",172,"January_2024",3,"with_ozone","13_29"
"CA29_N04TAF","CA29","P3","E7","CA29_N04TAF","chamber","4","ozone_contingency",13,29,"survive",9.2,80.4,"growing",12,0,1,0,0,0,1,6,5,"elongate","bit","brigadistaA",74,"June_2023",3,"with_ozone","13_29"
"CA30_N04TAF","CA30","P3","H4","CA30_N04TAF","chamber","4","ozone_contingency",13,30,"survive",6.9,55,"bud",21.5,0,0,0,0,0,0,0,7,"elongate","no_measure","brigadistaG",106,"March_2023",3,"with_ozone","13_30"
"CA30_N04TAF","CA30","P3","H4","CA30_N04TAF","chamber","4","ozone_contingency",13,30,"survive",7.1,60,"growing",5,1,0,0,0,0,1,2,7,"shrubby","No","brigadistaG",73,"June_2023",3,"with_ozone","13_30"
"CA30_N04TAF","CA30","P3","H4","CA30_N04TAF","chamber","4","ozone_contingency",13,30,"survive",5.6,64,"bud",4,1,0,0,0,0,0,NA,NA,"shrubby","No","brigadistaG",120,"October_2023",3,"with_ozone","13_30"
"CA30_N04TAF","CA30","P3","H4","CA30_N04TAF","chamber","4","ozone_contingency",13,30,"survive",11,58.5,"bud",5,0,0,0,0,0,1,NA,NA,"elongate","bit","brigadistaA",173,"January_2024",3,"with_ozone","13_30"
"CC01_N04TAF","CC01","P3","D4","CC01_N04TAF","chamber","4","ozone_moderate",5,1,"survive",9.6,73.8,"growing",8.7,0,1,0,0,0,1,12,2,"elongate","bit","brigadistaA",39,"June_2023",1,"with_ozone","5_1"
"CC01_N04TAF","CC01","P3","D4","CC01_N04TAF","chamber","4","ozone_moderate",5,1,"survive",10.1,65,"bud",20.5,0,0,0,0,0,0,0,10,"elongate","no_measure","brigadistaA",25,"March_2023",1,"with_ozone","5_1"
"CC01_N04TAF","CC01","P3","D4","CC01_N04TAF","chamber","4","ozone_moderate",5,1,"survive",11.1,70,"dead",6.5,1,1,0,0,0,1,NA,NA,"shrubby","bit","brigadistaA",17,"October_2023",1,"with_ozone","5_1"
"CC01_N04TAF","CC01","P3","D4","CC01_N04TAF","chamber","4","ozone_moderate",5,1,"survive",11,77,"growing",14,0,0,1,0,0,0,NA,NA,"elongate","No","brigadistaG",210,"January_2024",1,"with_ozone","5_1"
"CC02_N04TAF","CC02","P3","B8","CC02_N04TAF","chamber","4","ozone_moderate",5,2,"survive",8.9,83,"growing",10,0,0,0,1,0,1,NA,NA,"elongate","No","brigadistaA",18,"October_2023",1,"with_ozone","5_2"
"CC02_N04TAF","CC02","P3","B8","CC02_N04TAF","chamber","4","ozone_moderate",5,2,"survive",8.4,73,"growing",16,0,0,0,0,0,0,1,20,"elongate","No","brigadistaD",105,"June_2023",1,"with_ozone","5_2"
"CC02_N04TAF","CC02","P3","B8","CC02_N04TAF","chamber","4","ozone_moderate",5,2,"survive",7.6,57,"bud",22.5,0,0,0,0,0,0,0,6,"elongate","no_measure","brigadistaA",27,"March_2023",1,"with_ozone","5_2"
"CC02_N04TAF","CC02","P3","B8","CC02_N04TAF","chamber","4","ozone_moderate",5,2,"survive",11,75.5,"growing",16,0,0,1,0,0,1,NA,NA,"elongate","No","brigadistaG",211,"January_2024",1,"with_ozone","5_2"
"CC03_N04TAF","CC03","P4","G6","CC03_N04TAF","chamber","4","ozone_moderate",5,3,"survive",10.5,60,"dead",5,1,0,0,0,0,1,NA,NA,"shrubby","bit","brigadistaA",19,"October_2023",1,"with_ozone","5_3"
"CC03_N04TAF","CC03","P4","G6","CC03_N04TAF","chamber","4","ozone_moderate",5,3,"survive",8.2,54.5,"bud",17,0,0,0,0,0,1,1,7,"elongate","no_measure","brigadistaA",32,"March_2023",1,"with_ozone","5_3"
"CC03_N04TAF","CC03","P4","G6","CC03_N04TAF","chamber","4","ozone_moderate",5,3,"survive",8.2,64,"growing",9,0,1,0,0,1,0,4,9,"shrubby","bit","brigadistaG",38,"June_2023",1,"with_ozone","5_3"
"CC03_N04TAF","CC03","P4","G6","CC03_N04TAF","chamber","4","ozone_moderate",5,3,"dead",NA,NA,NA,NA,NA,NA,NA,NA,NA,NA,NA,NA,NA,NA,NA,NA,"January_2024",1,"with_ozone","5_3"
"CC07_N04TAF","CC07","P3","H2","CC07_N04TAF","chamber","4","ozone_moderate",5,7,"survive",9.8,72.4,"growing",15.2,0,0,0,0,0,0,5,4,"elongate","bit","brigadistaA",2,"June_2023",1,"with_ozone","5_7"
"CC07_N04TAF","CC07","P3","H2","CC07_N04TAF","chamber","4","ozone_moderate",5,7,"dead",NA,NA,NA,NA,NA,NA,NA,NA,NA,NA,NA,NA,NA,NA,NA,NA,"January_2024",1,"with_ozone","5_7"
"CC07_N04TAF","CC07","P3","H2","CC07_N04TAF","chamber","4","ozone_moderate",5,7,"survive",8.7,57,"bud",22,0,0,0,0,0,0,1,5,"elongate","no_measure","brigadistaA",29,"March_2023",1,"with_ozone","5_7"
"CC07_N04TAF","CC07","P3","H2","CC07_N04TAF","chamber","4","ozone_moderate",5,7,"survive",8.4,75,"dead",16,1,0,0,0,0,1,NA,NA,"elongate","bit","brigadistaA",23,"October_2023",1,"with_ozone","5_7"
"CC09_N04TAF","CC09","P4","C9","CC09_N04TAF","chamber","4","ozone_moderate",5,9,"survive",8.3,89.3,"growing",8.9,0,0,0,0,0,0,5,9,"elongate","bit","brigadistaA",8,"June_2023",1,"with_ozone","5_9"
"CC09_N04TAF","CC09","P4","C9","CC09_N04TAF","chamber","4","ozone_moderate",5,9,"survive",8.2,81,"bud",35,0,0,0,0,0,0,2,7,"elongate","no_measure","brigadistaA",28,"March_2023",1,"with_ozone","5_9"
"CC09_N04TAF","CC09","P4","C9","CC09_N04TAF","chamber","4","ozone_moderate",5,9,"dead",NA,NA,NA,NA,NA,NA,NA,NA,NA,NA,NA,NA,NA,NA,NA,NA,"January_2024",1,"with_ozone","5_9"
"CC09_N04TAF","CC09","P4","C9","CC09_N04TAF","chamber","4","ozone_moderate",5,9,"survive",11.7,98,"growing",5,0,0,0,1,0,1,NA,NA,"elongate","No","brigadistaA",25,"October_2023",1,"with_ozone","5_9"
"CC10_N04TAF","CC10","P4","B7","CC10_N04TAF","chamber","4","ozone_moderate",5,10,"survive",8.6,74,"growing",3,1,0,1,0,0,0,6,14,"elongate","bit","brigadistaD",107,"June_2023",1,"with_ozone","5_10"
"CC10_N04TAF","CC10","P4","B7","CC10_N04TAF","chamber","4","ozone_moderate",5,10,"survive",8.2,70.5,"bud",30,0,0,0,0,0,0,5,3,"elongate","no_measure","brigadistaA",33,"March_2023",1,"with_ozone","5_10"
"CC10_N04TAF","CC10","P4","B7","CC10_N04TAF","chamber","4","ozone_moderate",5,10,"survive",9.1,71,"dead",3,1,0,0,0,0,1,NA,NA,"elongate","bit","brigadistaA",26,"October_2023",1,"with_ozone","5_10"
"CC11_N04TAF","CC11","P4","E3","CC11_N04TAF","chamber","4","ozone_moderate",10,11,"survive",8.8,65,"bud",2,0,0,0,0,0,0,0,6,"elongate","no_measure","brigadistaG",102,"March_2023",2,"with_ozone","10_11"
"CC11_N04TAF","CC11","P4","E3","CC11_N04TAF","chamber","4","ozone_moderate",10,11,"survive",11,73,"dead",1,0,0,0,0,0,1,NA,NA,"elongate","No","brigadistaG",215,"January_2024",2,"with_ozone","10_11"
"CC11_N04TAF","CC11","P4","E3","CC11_N04TAF","chamber","4","ozone_moderate",10,11,"survive",10.9,77,"dead",4,1,0,0,0,0,0,NA,NA,"elongate","No","brigadistaA",27,"October_2023",2,"with_ozone","10_11"
"CC11_N04TAF","CC11","P4","E3","CC11_N04TAF","chamber","4","ozone_moderate",10,11,"survive",9.3,70,"growing",5,1,0,1,0,0,0,6,13,"elongate","No","brigadistaG",56,"June_2023",2,"with_ozone","10_11"
"CC13_N04TAF","CC13","P3","F4","CC13_N04TAF","chamber","4","ozone_moderate",10,13,"survive",7,75.2,"growing",10.1,0,0,0,0,0,0,0,8,"elongate","a_lot","brigadistaA",23,"June_2023",2,"with_ozone","10_13"
"CC13_N04TAF","CC13","P3","F4","CC13_N04TAF","chamber","4","ozone_moderate",10,13,"dead",NA,NA,NA,NA,NA,NA,NA,NA,NA,NA,NA,NA,NA,NA,NA,NA,"January_2024",2,"with_ozone","10_13"
"CC13_N04TAF","CC13","P3","F4","CC13_N04TAF","chamber","4","ozone_moderate",10,13,"survive",7.4,85,"dead",19,1,0,1,0,0,1,NA,NA,"elongate","a_lot","brigadistaA",29,"October_2023",2,"with_ozone","10_13"
"CC13_N04TAF","CC13","P3","F4","CC13_N04TAF","chamber","4","ozone_moderate",10,13,"survive",5.6,65,"bud",29,0,0,0,0,0,0,0,8,"elongate","no_measure","brigadistaG",100,"March_2023",2,"with_ozone","10_13"
"CC15_N04TAF","CC15","P4","E4","CC15_N04TAF","chamber","4","ozone_moderate",10,15,"survive",10.8,64.5,"growing",1,1,0,0,0,0,0,0,13,"elongate","bit","brigadistaE",57,"June_2023",2,"with_ozone","10_15"
"CC15_N04TAF","CC15","P4","E4","CC15_N04TAF","chamber","4","ozone_moderate",10,15,"survive",11.8,70,"dead",3,1,1,0,0,0,1,NA,NA,"elongate","a_lot","brigadistaA",31,"October_2023",2,"with_ozone","10_15"
"CC15_N04TAF","CC15","P4","E4","CC15_N04TAF","chamber","4","ozone_moderate",10,15,"survive",10.9,63.5,"growing",19,0,0,0,0,0,0,2,13,"elongate","no_measure","brigadistaG",96,"March_2023",2,"with_ozone","10_15"
"CC15_N04TAF","CC15","P4","E4","CC15_N04TAF","chamber","4","ozone_moderate",10,15,"survive",11,72,"growing",9,0,1,0,0,0,1,NA,NA,"shrubby","No","brigadistaG",217,"January_2024",2,"with_ozone","10_15"
"CC16_N04TAF","CC16","P4","E10","CC16_N04TAF","chamber","4","ozone_moderate",10,16,"survive",8.7,72,"dead",2,1,0,0,0,0,0,NA,NA,"elongate","a_lot","brigadistaA",32,"October_2023",2,"with_ozone","10_16"
"CC16_N04TAF","CC16","P4","E10","CC16_N04TAF","chamber","4","ozone_moderate",10,16,"survive",7.8,67,"bud",29,0,0,0,0,0,0,0,9,"elongate","no_measure","brigadistaG",93,"March_2023",2,"with_ozone","10_16"
"CC16_N04TAF","CC16","P4","E10","CC16_N04TAF","chamber","4","ozone_moderate",10,16,"survive",8,69,"growing",2.5,1,0,0,0,0,0,2,5,"elongate","bit","brigadistaA",60,"June_2023",2,"with_ozone","10_16"
"CC16_N04TAF","CC16","P4","E10","CC16_N04TAF","chamber","4","ozone_moderate",10,16,"survive",11,72,"dead",2,0,0,0,0,0,0,NA,NA,"elongate","a_lot","brigadistaG",218,"January_2024",2,"with_ozone","10_16"
"CC17_N04TAF","CC17","P4","C12","CC17_N04TAF","chamber","4","ozone_moderate",10,17,"survive",5.7,63,"growing",10,1,0,1,0,0,0,0,11,"elongate","bit","brigadistaD",123,"June_2023",2,"with_ozone","10_17"
"CC17_N04TAF","CC17","P4","C12","CC17_N04TAF","chamber","4","ozone_moderate",10,17,"survive",7.9,68,"bud",13,0,0,0,0,0,0,NA,NA,"elongate","bit","brigadistaA",33,"October_2023",2,"with_ozone","10_17"
"CC17_N04TAF","CC17","P4","C12","CC17_N04TAF","chamber","4","ozone_moderate",10,17,"survive",5.5,52,"bud",21,0,0,0,0,0,0,0,5,"elongate","no_measure","brigadistaG",90,"March_2023",2,"with_ozone","10_17"
"CC17_N04TAF","CC17","P4","C12","CC17_N04TAF","chamber","4","ozone_moderate",10,17,"survive",11,68,"bud",12,0,0,0,0,0,0,NA,NA,"elongate","a_lot","brigadistaG",219,"January_2024",2,"with_ozone","10_17"
"CC20_N04TAF","CC20","P3","F12","CC20_N04TAF","chamber","4","ozone_moderate",10,20,"survive",8.9,82,"growing",4,1,0,1,0,1,0,4,12,"elongate","bit","brigadistaG",62,"June_2023",2,"with_ozone","10_20"
"CC20_N04TAF","CC20","P3","F12","CC20_N04TAF","chamber","4","ozone_moderate",10,20,"survive",10.6,83,"growing",3,1,1,0,0,0,1,NA,NA,"elongate","No","brigadistaA",36,"October_2023",2,"with_ozone","10_20"
"CC20_N04TAF","CC20","P3","F12","CC20_N04TAF","chamber","4","ozone_moderate",10,20,"survive",11,85,"growing",9,0,0,0,0,0,1,NA,NA,"elongate","No","brigadistaG",220,"January_2024",2,"with_ozone","10_20"
"CC20_N04TAF","CC20","P3","F12","CC20_N04TAF","chamber","4","ozone_moderate",10,20,"survive",9.5,75,"bud",5,0,0,0,0,0,0,1,14,"elongate","no_measure","brigadistaG",74,"March_2023",2,"with_ozone","10_20"
"CC21_N04TAF","CC21","P3","H8","CC21_N04TAF","chamber","4","ozone_moderate",11,21,"survive",7.4,97,"dead",15,1,0,0,0,0,0,NA,NA,"elongate","bit","brigadistaG",101,"October_2023",3,"with_ozone","11_21"
"CC21_N04TAF","CC21","P3","H8","CC21_N04TAF","chamber","4","ozone_moderate",11,21,"survive",7.4,83,"bud",9,0,0,0,0,0,0,2,6,"elongate","no_measure","brigadistaE",89,"March_2023",3,"with_ozone","11_21"
"CC21_N04TAF","CC21","P3","H8","CC21_N04TAF","chamber","4","ozone_moderate",11,21,"survive",8.5,90,"growing",7.5,0,0,1,0,0,0,3,3,"elongate","a_lot","brigadistaA",24,"June_2023",3,"with_ozone","11_21"
"CC21_N04TAF","CC21","P3","H8","CC21_N04TAF","chamber","4","ozone_moderate",11,21,"survive",11,90,"dead",6,0,1,0,0,0,1,NA,NA,"elongate","bit","brigadistaG",221,"January_2024",3,"with_ozone","11_21"
"CC23_N04TAF","CC23","P3","H5","CC23_N04TAF","chamber","4","ozone_moderate",11,23,"dead",NA,NA,NA,NA,NA,NA,NA,NA,NA,NA,NA,NA,NA,NA,NA,NA,"January_2024",3,"with_ozone","11_23"
"CC23_N04TAF","CC23","P3","H5","CC23_N04TAF","chamber","4","ozone_moderate",11,23,"survive",7.4,73,"growing",10.3,0,0,0,0,0,0,7,13,"elongate","bit","brigadistaE",25,"June_2023",3,"with_ozone","11_23"
"CC23_N04TAF","CC23","P3","H5","CC23_N04TAF","chamber","4","ozone_moderate",11,23,"survive",6.4,73,"growing",8,1,0,0,1,0,0,NA,NA,"elongate","bit","brigadistaG",103,"October_2023",3,"with_ozone","11_23"
"CC23_N04TAF","CC23","P3","H5","CC23_N04TAF","chamber","4","ozone_moderate",11,23,"survive",5.8,63,"growing",32,0,0,0,0,0,0,0,6,"elongate","no_measure","brigadistaE",77,"March_2023",3,"with_ozone","11_23"
"CC24_N04TAF","CC24","P4","B1","CC24_N04TAF","chamber","4","ozone_moderate",11,24,"survive",11,80,"growing",7,0,0,0,0,0,0,NA,NA,"elongate","No","brigadistaG",222,"January_2024",3,"with_ozone","11_24"
"CC24_N04TAF","CC24","P4","B1","CC24_N04TAF","chamber","4","ozone_moderate",11,24,"survive",8.1,75,"dead",7,1,0,0,0,0,0,NA,NA,"shrubby","bit","brigadistaG",104,"October_2023",3,"with_ozone","11_24"
"CC24_N04TAF","CC24","P4","B1","CC24_N04TAF","chamber","4","ozone_moderate",11,24,"survive",8.9,83,"growing",17.2,0,0,0,0,0,0,6,0,"elongate","bit","brigadistaA",26,"June_2023",3,"with_ozone","11_24"
"CC24_N04TAF","CC24","P4","B1","CC24_N04TAF","chamber","4","ozone_moderate",11,24,"survive",7.8,66,"bud",30,0,0,0,0,0,0,2,5,"elongate","no_measure","brigadistaE",92,"March_2023",3,"with_ozone","11_24"
"CC26_N04TAF","CC26","P4","B2","CC26_N04TAF","chamber","4","ozone_moderate",11,26,"survive",10.8,67,"growing",7,1,0,0,0,0,0,0,11,"elongate","No","brigadistaE",63,"June_2023",3,"with_ozone","11_26"
"CC26_N04TAF","CC26","P4","B2","CC26_N04TAF","chamber","4","ozone_moderate",11,26,"survive",7.7,63,"bud",24,0,0,0,0,0,0,1,5,"elongate","no_measure","brigadistaE",95,"March_2023",3,"with_ozone","11_26"
"CC26_N04TAF","CC26","P4","B2","CC26_N04TAF","chamber","4","ozone_moderate",11,26,"survive",11,63,"growing",2,0,0,0,0,0,1,NA,NA,"shrubby","No","brigadistaG",224,"January_2024",3,"with_ozone","11_26"
"CC26_N04TAF","CC26","P4","B2","CC26_N04TAF","chamber","4","ozone_moderate",11,26,"survive",8.5,62,"dead",0,1,0,1,0,0,0,NA,NA,"shrubby","bit","brigadistaG",106,"October_2023",3,"with_ozone","11_26"
"CC27_N04TAF","CC27","P4","A10","CC27_N04TAF","chamber","4","ozone_moderate",11,27,"dead",NA,NA,NA,NA,NA,NA,NA,NA,NA,NA,NA,NA,NA,NA,NA,NA,"January_2024",3,"with_ozone","11_27"
"CC27_N04TAF","CC27","P4","A10","CC27_N04TAF","chamber","4","ozone_moderate",11,27,"dead",NA,NA,NA,NA,NA,NA,NA,NA,NA,NA,NA,NA,NA,NA,NA,NA,"October_2023",3,"with_ozone","11_27"
"CC27_N04TAF","CC27","P4","A10","CC27_N04TAF","chamber","4","ozone_moderate",11,27,"survive",9.5,69,"bud",23,0,0,0,0,0,0,1,10,"elongate","no_measure","brigadistaE",94,"March_2023",3,"with_ozone","11_27"
"CC27_N04TAF","CC27","P4","A10","CC27_N04TAF","chamber","4","ozone_moderate",11,27,"survive",10.1,73,"growing",4,0,0,1,0,1,0,5,8,"elongate","No","brigadistaG",64,"June_2023",3,"with_ozone","11_27"
"CC29_N04TAF","CC29","P3","E6","CC29_N04TAF","chamber","4","ozone_moderate",11,29,"survive",6.6,66,"growing",4,1,0,0,0,0,0,NA,NA,"elongate","bit","brigadistaG",109,"October_2023",3,"with_ozone","11_29"
"CC29_N04TAF","CC29","P3","E6","CC29_N04TAF","chamber","4","ozone_moderate",11,29,"survive",8.8,65,"growing",7,1,0,0,0,1,1,4,3,"shrubby","No","brigadistaG",66,"June_2023",3,"with_ozone","11_29"
"CC29_N04TAF","CC29","P3","E6","CC29_N04TAF","chamber","4","ozone_moderate",11,29,"survive",11,67,"growing",2,0,0,0,0,0,0,NA,NA,"elongate","No","brigadistaG",225,"January_2024",3,"with_ozone","11_29"
"CC29_N04TAF","CC29","P3","E6","CC29_N04TAF","chamber","4","ozone_moderate",11,29,"survive",6.9,59,"growing",5,0,0,0,0,0,0,3,2,"elongate","no_measure","brigadistaE",99,"March_2023",3,"with_ozone","11_29"
"CC30_N04TAF","CC30","P4","E5","CC30_N04TAF","chamber","4","ozone_moderate",11,30,"survive",6.4,56,"growing",1,1,0,0,0,0,0,NA,NA,"shrubby","No","brigadistaG",110,"October_2023",3,"with_ozone","11_30"
"CC30_N04TAF","CC30","P4","E5","CC30_N04TAF","chamber","4","ozone_moderate",11,30,"survive",6.3,52,"growing",18,0,0,0,0,0,1,0,8,"elongate","no_measure","brigadistaE",101,"March_2023",3,"with_ozone","11_30"
"CC30_N04TAF","CC30","P4","E5","CC30_N04TAF","chamber","4","ozone_moderate",11,30,"survive",7.2,54,"growing",2,0,0,1,0,0,0,4,19,"elongate","bit","brigadistaD",126,"June_2023",3,"with_ozone","11_30"
"CC30_N04TAF","CC30","P4","E5","CC30_N04TAF","chamber","4","ozone_moderate",11,30,"survive",11,57,"growing",1,0,0,0,0,0,0,NA,NA,"shrubby","No","brigadistaG",226,"January_2024",3,"with_ozone","11_30"
